Agency,Agency Designator,Collections Agency Identifier ,Active,DNIS,MSB,Maintenance Mode,Time Zone,Duncan CS Hours ,Duncan CS Hours Prompt ,CS Workgroup,External  CS Closed Prompt,Not Active Prompt,Holiday Group,Collections Payment Processor,Language Menu,Main Menu,Citation Label,Lookup Methods,Card Combination,FAQ Dispute Menu,FAQ More Menu
EXAMPLE AGENCY,EXAMP,,,5552221234,,N,EST,1,M-F_7-7_CT.wav,N,,Not_Active_Neverland,,,Y|Y|N|N|N|N|N|N|N,Y|Y|Y|Y|N|Y|N|N,Citation,Y|Y|Y|N|N|N|N|N|Y,Y|Y|N|N,Y|Y|Y|Y|Y|Y|Y|N|,Y|Y|Y|Y|N|N|N|N|
CUDAHY,ABCDE,,Y,4148476600,Y,N,CST,2,M-F_8-5_CT.wav,MSB,N,N,1|2|5|6|7|8|9|10|11|12,,Y|Y|N|N|N|N|N|N|N,Y|Y|Y|N|N|Y|N|N,CITATION,Y|Y|N|N|N|N|N|N|Y,Y|Y|N|Y,Y|Y|Y|Y|Y|Y|Y|N|,Y|Y|Y|N|N|N|N|N|
GLENDALE,ABCDG,,N,4148476600,Y,N,PST,,,,,Maint_EN,,,,,,,,,
ACE,ACEPA,,Y,4148476674,N,N,PST,7,M-F_10-7_CT.wav,76192370520,External_CS_Closed M-F_10-7.wav,N,1|2|5|6|7|8|9|10|11|12,,Y|Y|N|N|N|N|N|N|N,Y|Y|Y|N|N|Y|N|N,CITATION,Y|Y|N|N|N|N|N|N|Y,Y|Y|N|Y,Y|Y|Y|Y|Y|Y|Y|N|,Y|Y|Y|N|N|N|N|N|
RACINE ,ADGHJ,,Y,4148476600,Y,N,CST,2,M-F_8-5_CT.wav,718778088782,External_CS_Closed M-F_8-5.wav,N,1|2|5|6|7|8|9|10|11|12,,Y|Y|N|N|N|N|N|N|N,Y|Y|Y|N|N|Y|N|N,CITATION,Y|Y|N|N|N|N|N|N|Y,Y|Y|N|Y,Y|Y|Y|Y|Y|Y|Y|N|,Y|Y|Y|N|N|N|N|N|
ALAMEDA,ALAME,,N,4148476616,N,N,PST,,,,,Not_Active_ALAME_EN,,,,,,,,,
ALAMEDA,ALAME,,N,4148476610,N,N,PST,,,,,Not_Active_ALAME_EN,,,,,,,,,
ALEXANDRIA,ALEXA,,Y,4148476568,N,N,EST,5,M-F_7-4_CT.wav,ASB,N,N,1|2|5|6|7|8|9|10|11|12,,Y|Y|N|N|N|N|N|N|N,Y|Y|Y|Y|Y|Y|N|N,CITATION,Y|N|N|N|N|N|N|N|Y,Y|Y|N|Y,Y|Y|Y|Y|Y|Y|Y|N|,Y|Y|Y|Y|N|N|N|N|
ALHAMBRA,ALHAM,,Y,4148476558,N,N,PST,7,M-F_1030-7_CT.wav,714148312605,External_CS_Closed M-F_10:30-7.wav,N,1|2|5|6|7|8|9|10|11|12,,Y|Y|N|N|N|N|N|N|N,Y|Y|Y|Y|Y|Y|N|N,CITATION,Y|N|N|N|N|N|N|N|Y,Y|Y|N|Y,Y|Y|Y|Y|Y|Y|Y|N|,Y|Y|Y|N|N|N|N|N|
ALHAMBRA,ALHAM,,Y,4148476557,N,N,PST,7,M-F_10-7_CT.wav,76265705020,External_CS_Closed M-F_10-7.wav,N,1|2|5|6|7|8|9|10|11|12,,Y|Y|N|N|N|N|N|N|N,Y|Y|Y|N|N|Y|N|N,CITATION,Y|Y|N|N|N|N|N|N|Y,Y|Y|N|Y,Y|Y|Y|Y|Y|Y|Y|N|,Y|Y|Y|N|N|N|N|N|
ALTON,ALTON,,N,4148476569,N,N,CST,,,,,Not_Active_EN,,,,,,,,,
ALTON,ALTON,,Y,4148476600,Y,N,CST,2,M-F_8-5_CT.wav,MSB,N,N,1|2|5|6|7|8|9|10|11|12,,,,,,,,
ANNAPOLIS,ANNAP,,Y,4148476600,Y,N,EST,5,M-F_7-4_CT.wav,MSB,N,N,1|2|5|6|7|8|9|10|11|12,,Y|Y|N|N|N|N|N|N|N,Y|Y|Y|N|N|Y|N|N,CITATION,Y|Y|N|N|N|N|N|N|Y,Y|Y|N|Y,Y|Y|Y|Y|Y|Y|Y|N|,Y|Y|Y|N|N|N|N|N|
ANNAPOLIS,ANNAP,,Y,4148476570,N,N,EST,5,M-F_7-4_CT.wav,ASB,N,N,1|2|5|6|7|8|9|10|11|12,,Y|Y|N|N|N|N|N|N|N,Y|Y|Y|N|N|Y|N|N,CITATION,Y|Y|N|N|N|N|N|N|Y,Y|Y|N|Y,Y|Y|Y|Y|Y|Y|Y|N|,Y|Y|Y|N|N|N|N|N|
ATLANTA,ATLAN,,Y,4148476571,N,N,EST,5,M-F_7-4_CT.wav,Atlanta,N,N,1|2|5|6|7|8|9|10|11|12,,Y|Y|N|N|N|N|N|N|N,Y|Y|Y|Y|Y|Y|N|N,CITATION,Y|Y|N|N|N|N|N|N|Y,Y|Y|N|Y,Y|Y|Y|Y|Y|Y|Y|N|,Y|Y|Y|N|N|N|N|N|
ATWATER,ATWTR,,Y,4148476529,N,N,PST,7,M-F_10-7_CT.wav,MSB,N,N,1|2|5|6|7|8|9|10|11|12,,Y|Y|N|N|N|N|N|N|N,Y|Y|Y|Y|Y|Y|N|N,CITATION,Y|N|N|N|N|N|N|N|Y,Y|Y|N|Y,Y|Y|Y|Y|Y|Y|Y|N|,Y|Y|Y|N|N|N|N|N|
BELL,BELLA,,N,4148476546,N,N,PST,,,,,Not_Active_BELLA_EN,,,,,,,,,
BELL,BELLA,,N,4148476545,N,N,PST,,,,,Not_Active_BELLA_EN,,,,,,,,,
BERKELEY,BERKE,,N,4148476563,N,N,PST,,,,,NO TTS ON BERKELEY - They own the TF,,,,,,,,,
BOZEMAN,BOZEM,,Y,4148476679,N,N,MST,12, ,718444882333, ,N,1|2|5|6|7|8|9|10|11|12,,Y|Y|N|N|N|N|N|N|N,Y|Y|Y|Y|N|Y|N|N,CITATION,Y|Y|N|N|N|N|N|N|Y,Y|Y|N|Y,Y|Y|Y|Y|Y|Y|Y|N|,Y|Y|Y|N|N|N|N|N|
BRONXVILLE,BRONX,,Y,4148476643,N,N,EST,5,M-F_7-4_CT.wav,719143372024,External_CS_Closed M-F_7-4.wav,N,1|2|5|6|7|8|9|10|11|12,,Y|Y|N|N|N|N|N|N|N,Y|Y|Y|N|N|Y|N|N,TICKET,Y|Y|N|N|N|N|N|N|Y,Y|Y|N|Y,Y|Y|Y|Y|Y|Y|Y|N|,Y|Y|Y|N|N|N|N|N|
BURBANK,BURBA,,Y,4148476553,N,N,PST,7,M-F_10-7_CT.wav,78182383120,N,N,1|2|5|6|7|8|9|10|11|12,,Y|Y|N|N|N|N|N|N|N,Y|Y|Y|Y|Y|Y|N|N,CITATION,Y|N|N|N|N|N|N|N|Y,Y|Y|N|Y,Y|Y|Y|Y|Y|Y|Y|N|,Y|Y|Y|N|N|N|N|N|
BURBANK,BURBA,,Y,4148476554,N,N,PST,8,M-F_1030-7_CT.wav,714148312605,N,N,1|2|5|6|7|8|9|10|11|12,,Y|Y|N|N|N|N|N|N|N,Y|Y|Y|Y|Y|Y|N|N,CITATION,Y|N|N|N|N|N|N|N|Y,Y|Y|N|Y,Y|Y|Y|Y|Y|Y|Y|N|,Y|Y|Y|N|N|N|N|N|
CARSON,CARSO,,N,4148476618,N,N,PST,,,,,Maint_EN,,,,,,,,,
CITATION PAYMENT SYSTEM,CENTR,,N,4148476572,N,N,CST,,,,,Maint_EN,,,,,,,,,
CERES,CERES,,Y,4148476528,N,N,PST,7,M-F_10-7_CT.wav,MSB,N,N,1|2|5|6|7|8|9|10|11|12,,Y|Y|N|N|N|N|N|N|N,Y|Y|Y|Y|Y|Y|N|N,CITATION,Y|N|N|N|N|N|N|N|Y,Y|Y|N|Y,Y|Y|Y|Y|Y|Y|Y|N|,Y|Y|Y|Y|N|N|N|N|
CHOWCHILLA,CHOWC,,Y,4148476512,N,N,PST,7,M-F_10-7_CT.wav,MSB,N,N,1|2|5|6|7|8|9|10|11|12,,Y|Y|N|N|N|N|N|N|N,Y|Y|Y|Y|Y|Y|N|N,CITATION,Y|N|N|N|N|N|N|N|Y,Y|Y|N|Y,Y|Y|Y|Y|Y|Y|Y|N|,Y|Y|Y|N|N|N|N|N|
ACE PARKING CHULA_VISTA,CHULA,,Y,4148476662,N,N,PST,7,M-F_10-7_CT.wav,76192370520,External_CS_Closed M-F_10-7.wav,N,1|2|5|6|7|8|9|10|11|12,,Y|Y|N|N|N|N|N|N|N,Y|Y|Y|N|N|Y|N|N,CITATION,Y|Y|N|N|N|N|N|N|Y,Y|Y|N|Y,Y|Y|Y|Y|Y|Y|Y|N|,Y|Y|Y|N|N|N|N|N|
CLEARWATER,CLEAR,,N,4148476573,N,N,EST,,,,,Not_Active_CLEAR_EN,,,,,,,,,
COMPTON,COMPT,,Y,4148476550,N,N,PST,9,M-F_9-7_CT.wav,73106055515,N,N,1|2|5|6|7|8|9|10|11|12,,Y|Y|N|N|N|N|N|N|N,Y|Y|Y|Y|Y|Y|N|N,CITATION,Y|N|N|N|N|N|N|N|Y,Y|Y|N|Y,Y|Y|Y|Y|Y|Y|Y|N|,Y|Y|Y|Y|N|N|N|N|
CORONADO,CORON,,N,4148476532,N,N,PST,,,,,Not_Active_CORON_EN,,,,,,,,,
CORPUS_CHRISTI,CORPU,,Y,4148476628,N,N,CST,2,M-F_8-5_CT.wav,Corpus_Christi,N,N,1|2|5|6|7|8|9|10|11|12,,Y|Y|N|N|N|N|N|N|N,Y|Y|Y|Y|N|Y|N|N,CITATION,Y|Y|N|N|N|N|N|N|Y,Y|Y|N|Y,Y|Y|Y|Y|Y|Y|Y|N|,Y|Y|Y|N|N|N|N|N|
COVINA,COVIN,,Y,4148476621,N,N,PST,8,M-F_1030-7_CT.wav,714148312605,N,N,1|2|5|6|7|8|9|10|11|12,,Y|Y|N|N|N|N|N|N|N,Y|Y|Y|Y|Y|Y|N|N,CITATION,Y|N|N|N|N|N|N|N|Y,Y|Y|N|Y,Y|Y|Y|Y|Y|Y|Y|N|,Y|Y|Y|Y|N|N|N|N|
COVINA,COVIN,,Y,4148476540,N,N,PST,7,M-F_10-7_CT.wav,718664725714,External_CS_Closed M-F_10-7.wav,N,1|2|5|6|7|8|9|10|11|12,,Y|Y|N|N|N|N|N|N|N,Y|Y|Y|Y|Y|Y|N|N,CITATION,Y|N|N|N|N|N|N|N|Y,Y|Y|N|Y,Y|Y|Y|Y|Y|Y|Y|N|,Y|Y|Y|Y|N|N|N|N|
CRYSTAL_ LAKE,CRYST,,Y,4148476576,N,N,CST,2,M-F_8-5_CT.wav,MSB,N,N,1|2|5|6|7|8|9|10|11|12,,Y|Y|N|N|N|N|N|N|N,Y|Y|Y|N|N|Y|N|N,CITATION,Y|Y|N|N|N|N|N|N|Y,Y|Y|N|Y,Y|Y|Y|Y|Y|Y|Y|N|,Y|Y|Y|N|N|N|N|N|
CRYSTAL_ LAKE,CRYST,,Y,4148476600,Y,N,CST,2,M-F_8-5_CT.wav,MSB,N,N,1|2|5|6|7|8|9|10|11|12,,Y|Y|N|N|N|N|N|N|N,Y|Y|Y|N|N|Y|N|N,CITATION,Y|Y|N|N|N|N|N|N|Y,Y|Y|N|Y,Y|Y|Y|Y|Y|Y|Y|N|,Y|Y|Y|N|N|N|N|N|
CUDAHY,CUDAH,,N,4148476577,N,N,CST,,,,,Maint_EN,,,,,,,,,
LAW ENFORCEMENT SYSTEMS,DELAW,,Y,4148476644,N,N,EST,5,M-F_7-4_CT.wav,714148312605,N,N,1|2|5|6|7|8|9|10|11|12,,,,,,,,
Six Eight Eight Eight,DETRO,,Y,4148476888,N,N,EST,3,M-F_8-4_CT.wav,Detroit,N,N,1|2|5|6|7|8|9|10|11|12,,Y|Y|N|N|N|N|N|N|N,Y|Y|Y|Y|Y|Y|N|N,TICKET,Y|Y|N|N|N|N|N|N|Y,Y|Y|N|Y,Y|Y|Y|Y|Y|N|Y|N|,Y|Y|Y|N|N|N|N|N|
DETROIT,DETRO,,Y,4148476579,N,N,EST,3,M-F_8-4_CT.wav,Detroit,N,N,1|2|5|6|7|8|11|12,,Y|Y|N|N|N|N|N|N|N,Y|Y|Y|Y|Y|Y|N|N,TICKET,Y|Y|N|N|N|N|N|N|Y,Y|Y|N|Y,Y|Y|Y|Y|Y|N|Y|N|,Y|Y|Y|N|N|N|N|N|
DFW INTERNATIONAL AIRPORT,DFWIA,,Y,4148476629,N,N,CST,2,M-F_8-5_CT.wav,MSB,N,N,1|2|5|6|7|8|9|10|11|12,,Y|Y|N|N|N|N|N|N|N,Y|Y|Y|Y|Y|Y|N|N,CITATION,Y|N|N|N|N|N|N|N|Y,Y|Y|N|Y,Y|Y|Y|Y|Y|Y|Y|N|,Y|Y|Y|N|N|N|N|N|
EAU_CLAIRE,EAUCL,,Y,4148476580,N,N,CST,2,M-F_8-5_CT.wav,MSB,N,N,1|2|5|6|7|8|9|10|11|12,,Y|Y|N|N|N|N|N|N|N,Y|Y|Y|N|Y|Y|N|N,CITATION,Y|Y|N|N|N|N|N|N|Y,Y|Y|N|Y,Y|Y|Y|Y|Y|Y|Y|N|,Y|Y|Y|Y|N|N|N|N|
EAU_CLAIRE,EAUCL,,Y,4148476600,Y,N,CST,2,M-F_8-5_CT.wav,MSB,N,N,1|2|5|6|7|8|9|10|11|12,,Y|Y|N|N|N|N|N|N|N,Y|Y|Y|N|Y|Y|N|N,CITATION,Y|Y|N|N|N|N|N|N|Y,Y|Y|N|Y,Y|Y|Y|Y|Y|Y|Y|N|,Y|Y|Y|Y|N|N|N|N|
EASTERN MICHIGAN UNIVERSITY (Check on how name is reorded),EMUNI,,Y,4148476666,N,N,EST,5,M-F_7-4_CT.wav,N,N,N,1|2|5|6|7|8|9|10|11|12,,Y|Y|N|N|N|N|N|N|N,Y|Y|Y|N|Y|Y|N|N,CITATION,Y|Y|N|N|N|N|N|N|Y,Y|Y|N|Y,Y|Y|Y|Y|Y|Y|Y|N|,Y|Y|Y|N|N|N|N|N|
EVANSTON,EVANS,,Y,4148476581,N,N,EST,5,M-F_7-4_CT.wav,718774488163,External_CS_Closed M-F_7-4.wav,N,1|2|5|6|7|8|9|10|11|12,,Y|Y|N|N|N|N|N|N|N,Y|Y|Y|Y|N|Y|N|N,CITATION,Y|Y|N|N|N|N|N|N|Y,Y|Y|N|Y,Y|Y|Y|Y|Y|Y|Y|N|,Y|Y|Y|N|N|N|N|N|
FAIRFAX_COUNTY,FAIRF,,Y,4148476582,Y,N,EST,5,M-F_7-4_CT.wav,ASB,N,N,1|2|5|6|7|8|9|10|11|12,,Y|Y|N|N|N|N|N|N|N,Y|Y|Y|N|N|Y|N|N,CITATION,Y|Y|N|N|N|N|N|N|Y,Y|Y|N|Y,Y|Y|Y|Y|Y|Y|Y|N|,Y|Y|Y|Y|N|N|N|N|
FARGO   ,FARGO,,Y,4148476583,N,N,EST,5,M-F_7-4_CT.wav,718662349853,External_CS_Closed M-F_7-4.wav,N,1|2|5|6|7|8|9|10|11|12,,Y|Y|N|N|N|N|N|N|N,Y|Y|Y|N|N|Y|N|N,CITATION,Y|Y|N|N|N|N|N|N|Y,Y|Y|N|Y,Y|Y|Y|Y|Y|Y|Y|N|,Y|Y|Y|N|N|N|N|N|
FOND_DU_LAC  (Some are Citation Payment system),FONDD,,Y,4148476600,Y,N,CST,2,M-F_8-5_CT.wav,MSB,N,N,1|2|5|6|7|8|9|10|11|12,,Y|Y|N|N|N|N|N|N|N,Y|Y|Y|N|Y|Y|N|N,CITATION,Y|Y|N|N|N|N|N|N|Y,Y|Y|N|Y,Y|Y|Y|Y|Y|Y|Y|N|,Y|Y|Y|Y|N|N|N|N|
FOND_DU_LAC,FONDD,,Y,4148476584,N,N,CST,2,M-F_8-5_CT.wav,MSB,N,N,1|2|5|6|7|8|9|10|11|12,,Y|Y|N|N|N|N|N|N|N,Y|Y|Y|N|N|Y|N|N,CITATION,Y|Y|N|N|N|N|N|N|Y,Y|Y|N|Y,Y|Y|Y|Y|Y|Y|Y|N|,Y|Y|Y|N|N|N|N|N|
VILLAGE OF FONTANA,FONTA,,N,4148476600,Y,N,CST,,,,,Maint_EN,,,,,,,,,
GARDENA,GARDE,,N,4148476551,N,N,PST,,,,,Not_Active_GARDE_EN,,,,,,,,,
GARDENA,GARDE,,N,4148476552,N,N,PST,,,,,Not_Active_GARDE_EN,,,,,,,,,
GLENDALE ,GLEND,,N,4148476600,Y,N,PST,,,,,Maint_EN,,,,,,,,,
GLENDALE ,GLEND,,N,4148476587,N,N,PST,,,,,Maint_EN,,,,,,,,,
GLENDALE,GLNDL,,Y,4148466687,N,N,PST,7,M-F_10-7_CT.wav,MSB,N,N,1|2|5|6|7|8|9|10|11|12,,Y|Y|N|N|N|N|N|N|N,Y|Y|Y|Y|Y|Y|N|N,CITATION,Y|Y|N|N|N|N|N|N|Y,Y|Y|N|Y,Y|Y|Y|Y|Y|Y|Y|N|,Y|Y|Y|Y|N|N|N|N|
GLENDALE,GLNDL,,Y,4148476651,N,N,PST,7,M-F_10-7_CT.wav,714148311881,N,N,1|2|5|6|7|8|9|10|11|12,,Y|Y|N|N|N|N|N|N|N,Y|Y|Y|Y|Y|Y|N|N,CITATION,Y|Y|N|N|N|N|N|N|Y,Y|Y|N|Y,Y|Y|Y|Y|Y|Y|Y|N|,Y|Y|Y|Y|N|N|N|N|
VILLAGE OF GRAYSLAKE,GRAYS,,Y,4148476588,N,N,CST,2,M-F_8-5_CT.wav,MSB,N,N,1|2|5|6|7|8|9|10|11|12,,Y|Y|N|N|N|N|N|N|N,Y|Y|Y|N|N|Y|N|N,CITATION,Y|Y|N|N|N|N|N|N|Y,Y|Y|N|Y,Y|Y|Y|Y|Y|Y|Y|N|,Y|Y|Y|N|N|N|N|N|
GREENFIELD,GREEN,,Y,4148476524,N,N,PST,7,M-F_10-7_CT.wav,MSB,N,N,1|2|5|6|7|8|9|10|11|12,,Y|Y|N|N|N|N|N|N|N,Y|Y|Y|Y|Y|Y|N|N,CITATION,Y|N|N|N|N|N|N|N|Y,Y|Y|N|Y,Y|Y|Y|Y|Y|Y|Y|N|,Y|Y|Y|Y|N|N|N|N|
GROVER BEACH,GROVE,,N,4148476525,N,N,PST,,,,,Not_Active_GROVE_EN,,,,,,,,,
STATE ROAD AND TOLLWAY AUTHORITY,GSRTA,,Y,4148476585,N,N,EST,5,M-F_7-4_CT.wav,GA_SRTA,N,N,1|2|5|6|7|8|9|10|11|12,,Y|Y|N|N|N|N|N|N|N,Y|Y|Y|N|N|Y|N|N,CITATION,Y|Y|Y|N|N|N|N|N|Y,Y|Y|N|Y,Y|Y|Y|Y|Y|Y|Y|N|,Y|Y|Y|N|N|N|N|N|
GUSTINE,GUSTI,,Y,4148476513,N,N,PST,7,M-F_10-7_CT.wav,MSB,N,N,1|2|5|6|7|8|9|10|11|12,,Y|Y|N|N|N|N|N|N|N,Y|Y|Y|N|N|Y|N|N,CITATION,Y|N|N|N|N|N|N|N|Y,Y|Y|N|N,Y|Y|Y|Y|Y|Y|Y|N|,Y|Y|Y|N|N|N|N|N|
HAWTHORNE,HAWTH,,N,4148476559,N,N,PST,,,,,Not_Active_HAWTH_EN,,,,,,,,,
HAWTHORNE,HAWTH,,N,4148476560,N,N,PST,,,,,Not_Active_HAWTH_EN,,,,,,,,,
HERMOSA,HERMO,,Y,4148476615,N,N,PST,7,M-F_10-7_CT.wav,73103180223,External_CS_Closed M-F_10-7.wav,N,1|2|5|6|7|8|9|10|11|12,,Y|Y|N|N|N|N|N|N|N,Y|Y|Y|Y|Y|Y|N|N,CITATION,Y|Y|N|N|N|N|N|N|Y,Y|Y|N|Y,Y|Y|Y|Y|Y|Y|Y|N|,Y|Y|Y|Y|N|N|N|N|
PROFESSIONAL ACCOUNT MANAGEMENT,HOURL,,Y,4148476640,N,N,CST,2,M-F_8-5_CT.wav,714148311881,N,N,1|2|5|6|7|8|9|10|11|12,,Y|Y|N|N|N|N|N|N|N,Y|Y|Y|N|N|Y|N|N,TICKET,Y|N|Y|N|N|N|N|N|Y,Y|Y|N|Y,Y|Y|Y|Y|Y|Y|Y|N|,Y|Y|Y|N|N|N|N|N|
HUGHSON,HUGHS,,Y,4148476521,N,N,PST,7,M-F_10-7_CT.wav,MSB,N,N,1|2|5|6|7|8|9|10|11|12,,Y|Y|N|N|N|N|N|N|N,Y|Y|Y|Y|Y|Y|N|N,CITATION,Y|N|N|N|N|N|N|N|Y,Y|Y|N|Y,Y|Y|Y|Y|Y|Y|Y|N|,Y|Y|Y|Y|N|N|N|N|
HUNTINGTON PARK,HUNTI,,Y,4148476677,N,N,PST,7,M-F_10-7_CT.wav,MSB,N,N,1|2|5|6|7|8|9|10|11|12,,Y|Y|N|N|N|N|N|N|N,Y|Y|Y|Y|Y|Y|N|N,CITATION,Y|Y|N|N|N|N|N|N|Y,Y|Y|N|Y,Y|Y|Y|Y|Y|Y|Y|N|,Y|Y|Y|N|N|N|N|N|
CITY OF HYATSVILLE,HYATT,,Y,4148476669,N,N,EST,5,M-F_7-4_CT.wav,ASB,N,N,1|2|5|6|7|8|9|10|11|12,,Y|Y|N|N|N|N|N|N|N,Y|Y|Y|N|N|Y|N|N,CITATION,Y|Y|N|N|N|N|N|N|Y,Y|Y|N|Y,Y|Y|Y|Y|Y|Y|Y|N|,Y|Y|Y|N|N|N|N|N|
BURROW OF INDIANA,INDBO,,Y,4148476650,N,N,EST,10,M-F_7-5_CT.wav,717244654280,External_CS_Closed M-F_7-5.wav,N,1|2|5|6|7|8|9|10|11|12,,Y|Y|N|N|N|N|N|N|N,Y|Y|Y|Y|Y|Y|N|N,CITATION,Y|Y|N|N|N|N|N|N|Y,Y|Y|N|Y,Y|Y|Y|Y|Y|Y|Y|N|,Y|Y|Y|Y|N|N|N|N|
INGLEWOOD,INGLE,,Y,4148476565,N,N,PST,7,M-F_10-7_CT.wav,713104128732,External_CS_Closed M-F_10-7.wav,N,1|2|5|6|7|8|9|10|11|12,,Y|Y|N|N|N|N|N|N|N,Y|Y|Y|Y|Y|Y|N|N,CITATION,Y|N|N|N|N|N|N|N|Y,Y|Y|N|Y,Y|Y|Y|Y|Y|Y|Y|N|,Y|Y|Y|Y|N|N|N|N|
INGLEWOOD,INGLE,,Y,4148476547,N,N,PST,7,M-F_10-7_CT.wav,714148312605,External_CS_Closed M-F_10-7.wav,N,1|2|5|6|7|8|9|10|11|12,,Y|Y|N|N|N|N|N|N|N,Y|Y|Y|N|N|Y|N|N,CITATION,Y|N|N|N|N|N|N|N|Y,Y|Y|N|Y,Y|Y|Y|Y|Y|Y|Y|N|,Y|Y|Y|N|N|N|N|N|
INTERSTATE_PARKING,INTDU,,Y,4148476672,N,N,CST,7,M-F_10-7_CT.wav,72187277275,External_CS_Closed M-F_10-7.wav,N,1|2|5|6|7|8|9|10|11|12,,Y|Y|N|N|N|N|N|N|N,Y|Y|Y|N|N|Y|N|N,CITATION,Y|Y|N|N|N|N|N|N|Y,Y|Y|N|Y,Y|Y|Y|Y|Y|Y|Y|N|,Y|Y|Y|N|N|N|N|N|
INTERSTATE_PARKING,INTMK,,Y,4148476663,N,N,CST,2,M-F_8-5_CT.wav,714144316555,External_CS_Closed M-F_8-5.wav,N,1|2|5|6|7|8|9|10|11|12,,Y|Y|N|N|N|N|N|N|N,Y|Y|Y|N|N|Y|N|N,CITATION,Y|Y|N|N|N|N|N|N|Y,Y|Y|N|Y,Y|Y|Y|Y|Y|Y|Y|N|,Y|Y|Y|N|N|N|N|N|
INTERSTATE_PARKING,INTMN,,Y,4148476673,N,N,CST,2,M-F_8-5_CT.wav,76123751301,External_CS_Closed M-F_8-5.wav,N,1|2|5|6|7|8|9|10|11|12,,Y|Y|N|N|N|N|N|N|N,Y|Y|Y|N|N|Y|N|N,CITATION,Y|Y|N|N|N|N|N|N|Y,Y|Y|N|Y,Y|Y|Y|Y|Y|Y|Y|N|,Y|Y|Y|N|N|N|N|N|
JACKSONVILLE,JACKS,,Y,4148476675,N,N,EST,5,M-F_7-4_CT.wav,79046301399,External_CS_Closed M-F_7-4.wav,N,1|2|5|6|7|8|9|10|11|12,,Y|Y|N|N|N|N|N|N|N,Y|Y|Y|Y|N|Y|N|N,CITATION,Y|Y|N|N|N|N|N|N|Y,Y|Y|N|Y,Y|Y|Y|Y|Y|Y|Y|N|,Y|Y|Y|N|N|N|N|N|
KENOSHA,KENOS,,Y,4148476589,N,N,CST,2,M-F_8-5_CT.wav,TIER 1,N,N,1|2|5|6|7|8|9|10|11|12,,Y|Y|N|N|N|N|N|N|N,Y|Y|Y|N|Y|Y|N|N,CITATION,Y|Y|N|N|N|N|N|N|Y,Y|Y|N|Y,Y|Y|Y|Y|Y|Y|Y|N|,Y|Y|Y|Y|N|N|N|N|
KENOSHA,KENOS,,Y,4148476600,Y,N,CST,2,M-F_8-5_CT.wav,MSB,N,N,1|2|5|6|7|8|9|10|11|12,,Y|Y|N|N|N|N|N|N|N,Y|Y|Y|N|Y|Y|N|N,CITATION,Y|Y|N|N|N|N|N|N|Y,Y|Y|N|Y,Y|Y|Y|Y|Y|Y|Y|N|,Y|Y|Y|N|N|N|N|N|
KING_CITY,KINGC,,Y,4148476523,N,N,PST,7,M-F_10-7_CT.wav,MSB,N,N,1|2|5|6|7|8|9|10|11|12,,Y|Y|N|N|N|N|N|N|N,Y|Y|Y|Y|Y|Y|N|N,CITATION,Y|N|N|N|N|N|N|N|Y,Y|Y|N|Y,Y|Y|Y|Y|Y|Y|Y|N|,Y|Y|Y|Y|N|N|N|N|
KINGSBURG,KINGS,,Y,4148476518,N,N,PST,7,M-F_10-7_CT.wav,MSB,N,N,1|2|5|6|7|8|9|10|11|12,,Y|Y|N|N|N|N|N|N|N,Y|Y|Y|Y|Y|Y|N|N,CITATION,Y|N|N|N|N|N|N|N|Y,Y|Y|N|Y,Y|Y|Y|Y|Y|Y|Y|N|,Y|Y|Y|Y|N|N|N|N|
PROFESSIONAL ACCOUNT MANAGEMENT,LACUP,,Y,4148476642,N,N,PST,7,M-F_10-7_CT.wav,714148311881,N,N,1|2|5|6|7|8|9|10|11|12,,Y|Y|N|N|N|N|N|N|N,Y|Y|Y|N|N|Y|N|N,TICKET,Y|N|Y|N|N|N|N|N|Y,Y|Y|N|Y,Y|Y|Y|Y|Y|Y|Y|N|,Y|Y|Y|N|N|N|N|N|
PROFESSIONAL ACCOUNT MANAGEMENT,LATAX,,Y,4148476641,N,N,PST,7,M-F_10-7_CT.wav,714148311881,N,N,1|2|5|6|7|8|9|10|11|12,,Y|Y|N|N|N|N|N|N|N,Y|Y|Y|N|N|Y|N|N,TICKET,Y|N|Y|N|N|N|N|N|Y,Y|Y|N|Y,Y|Y|Y|Y|Y|Y|Y|N|,Y|Y|Y|N|N|N|N|N|
LAWNDALE,LAWND,,N,4148476613,N,N,PST,,,,,Not_Active_LAWND_EN,,,,,,,,,
LAWNDALE,LAWND,,N,4148476614,N,N,PST,,,,,Not_Active_LAWND_EN,,,,,,,,,
LAZ_PARKING,LAZPK,,N,4148476676,N,N,PST,,,,,Maint_EN,,,,,,,,,
LIVINGSTON,LIVIN,,Y,4148476519,N,N,PST,7,M-F_10-7_CT.wav,MSB,External_CS_Closed M-F_10-7.wav,N,1|2|5|6|7|8|9|10|11|12,,Y|Y|N|N|N|N|N|N|N,Y|Y|Y|Y|Y|Y|N|N,CITATION,Y|N|N|N|N|N|N|N|Y,Y|Y|N|Y,Y|Y|Y|Y|Y|Y|Y|N|,Y|Y|Y|Y|N|N|N|N|
LOMITA,LOMIT,,Y,4148476537,N,N,PST,7,M-F_10-7_CT.wav,MSB,External_CS_Closed M-F_10-7.wav,N,1|2|5|6|7|8|9|10|11|12,,Y|Y|N|N|N|N|N|N|N,Y|Y|Y|Y|Y|Y|N|N,CITATION,Y|N|N|N|N|N|N|N|Y,Y|Y|N|Y,Y|Y|Y|Y|Y|Y|Y|N|,Y|Y|Y|N|N|N|N|N|
LOS_BANOS,LOSBA,,Y,4148476526,N,N,PST,7,M-F_10-7_CT.wav,MSB,External_CS_Closed M-F_10-7.wav,N,1|2|5|6|7|8|9|10|11|12,,Y|Y|N|N|N|N|N|N|N,Y|Y|Y|Y|Y|Y|N|N,CITATION,Y|N|N|N|N|N|N|N|Y,Y|Y|N|Y,Y|Y|Y|Y|Y|Y|Y|N|,Y|Y|Y|N|N|N|N|N|
LOS_GATOS,LOSGA,,Y,4148476671,N,N,PST,7,M-F_10-7_CT.wav,MSB,External_CS_Closed M-F_10-7.wav,N,1|2|5|6|7|8|9|10|11|12,,Y|Y|N|N|N|N|N|N|N,Y|Y|Y|Y|Y|Y|N|N,CITATION,Y|Y|N|N|N|N|N|N|Y,Y|Y|N|Y,Y|Y|Y|Y|Y|Y|Y|N|,Y|Y|Y|N|N|N|N|N|
TEST CITY OF LITTLE ROCK,LROCK,,Y,4148476405,N,N,CST,11,M-F_8-430_CT.wav,,N,N,1|2|5|6|7|8|9|10|11|12,,Y|Y|N|N|N|N|N|N|N,Y|Y|Y|Y|N|Y|N|N,CITATION,Y|Y|N|N|N|N|N|N|Y,Y|Y|N|Y,Y|Y|Y|Y|Y|Y|Y|N|,Y|Y|Y|Y|N|N|N|N|
LITTLE_ROCK,LROCK,,Y,4148476611,N,N,CST,11,M-F_8-430_CT.wav,75013714528,External_CS_Closed M-F_8-4:30.wav,N,1|2|5|6|7|8|9|10|11|12,,Y|Y|N|N|N|N|N|N|N,Y|Y|Y|Y|N|Y|N|N,CITATION,Y|Y|N|N|N|N|N|N|Y,Y|Y|N|Y,Y|Y|Y|Y|Y|Y|Y|N|,Y|Y|Y|N|N|N|N|N|
TEST LITTLE ROCK (DO NOT USE),LROCK,,Y,4148476405,N,N,CST,,,,,N,,,Y|Y|N|N|N|N|N|N|N,Y|Y|Y|Y|N|Y|N|N,CITATION,Y|Y|N|N|N|N|N|N|Y,Y|Y|N|Y,Y|Y|Y|Y|Y|Y|Y|N|,Y|Y|Y|N|N|N|N|N|
LYNWOOD,LYNWO,,N,4148476544,N,N,PST,,,,,Maint_EN,,,,,,,,,
LYNWOOD,LYNWO,,N,4148476543,N,N,PST,,,,,Maint_EN,,,,,,,,,
MANITOWOC,MANIT,,N,4148476590,N,N,CST,,,,,Maint_EN,,,,,,,,,
MERCED_COLLEGE,MERCE,,Y,4148476517,N,N,PST,7,M-F_10-7_CT.wav,MSB,N,N,1|2|5|6|7|8|9|10|11|12,,Y|Y|N|N|N|N|N|N|N,Y|Y|Y|N|N|Y|N|N,CITATION,Y|N|N|N|N|N|N|N|Y,Y|Y|N|Y,Y|Y|Y|Y|Y|Y|Y|N|,Y|Y|Y|N|N|N|N|N|
MILWAUKEE,MILWA,,Y,4148476591,N,N,CST,2,M-F_8-5_CT.wav,MVB,N,N,1|2|5|6|7|8|9|10|11|12,,Y|Y|N|N|N|N|N|N|N,Y|Y|Y|N|Y|Y|N|N,CITATION,Y|Y|N|N|N|N|N|N|Y,Y|Y|N|Y,Y|Y|Y|Y|Y|Y|Y|N|,Y|Y|Y|Y|N|N|N|N|
MONTGOMERY,MONTG,,N,4148476592,N,N,EST,,,,,Maint_EN,,,,,,,,,
MOORHEAD ,MOORH,,N,4148476600,Y,N,CST,,,,,Not_Active_MOORH_EN,,,,,,,,,
MONTEBELLO,MTBPK,,Y,4148476612,N,N,PST,,,,,N,,,Y|Y|N|N|N|N|N|N|N,Y|Y|Y|Y|Y|Y|N|N,CITATION,Y|Y|N|N|N|N|N|N|Y,Y|Y|N|Y,Y|Y|Y|Y|Y|Y|Y|N|,Y|Y|Y|N|N|N|N|N|
NEWBURGH,NEWBU,,Y,4148476661,N,N,EST,5,M-F_7-4_CT.wav,ASB,N,N,1|2|5|6|7|8|9|10|11|12,,Y|Y|N|N|N|N|N|N|N,Y|Y|Y|N|N|Y|N|N,CITATION,Y|Y|N|N|N|N|N|N|Y,Y|Y|N|Y,Y|Y|Y|Y|Y|Y|Y|N|,Y|Y|Y|N|N|N|N|N|
NEW_HAVEN,NEWHA,,N,4148476601,N,N,EST,,,,,N,,,,,,,,,
NEWMAN,NEWMA,,Y,4148476516,N,N,PST,7,M-F_10-7_CT.wav,MSB,N,N,1|2|5|6|7|8|9|10|11|12,,Y|Y|N|N|N|N|N|N|N,Y|Y|Y|Y|Y|Y|N|N,CITATION,Y|N|N|N|N|N|N|N|Y,Y|Y|N|Y,Y|Y|Y|Y|Y|Y|Y|N|,Y|Y|Y|N|N|N|N|N|
NEW ORLEANS,NEWOR,,Y,4148476682,N,N,CST,2,M-F_8-5_CT.wav,NOLA,N,N,1|2|3|4|5|6|7|8|9|12,,Y|Y|N|N|N|N|N|N|N,Y|Y|Y|Y|Y|Y|N|N,CITATION,Y|Y|N|N|N|N|N|N|Y,Y|Y|N|Y,Y|Y|Y|Y|Y|Y|Y|N|,Y|Y|Y|N|N|N|N|N|
NORWALK_CA,NORWK,,Y,4148476596,N,N,PST,8,M-F_1030-7_CT.wav,714148312605,N,N,1|2|5|6|7|8|9|10|11|12,,Y|Y|N|N|N|N|N|N|N,Y|Y|Y|Y|Y|Y|N|N,CITATION,Y|N|N|N|N|N|N|N|Y,Y|Y|N|Y,Y|Y|Y|Y|Y|Y|Y|N|,Y|Y|Y|Y|N|N|N|N|
NORWALK_CA,NORWK,,Y,4148476522,N,N,PST,12,24x7.wav,75629295732,N,N,1|2|5|6|7|8|9|10|11|12,,Y|Y|N|N|N|N|N|N|N,Y|Y|Y|Y|Y|Y|N|N,CITATION,Y|N|N|N|N|N|N|N|Y,Y|Y|N|Y,Y|Y|Y|Y|Y|Y|Y|N|,Y|Y|Y|Y|N|N|N|N|
NORWALK PARKING AUTHORITY,NWALK,,Y,4148476567,N,N,EST,5,M-F_7-4_CT.wav,ASB,N,N,1|2|5|6|7|8|9|10|11|12,,Y|Y|N|N|N|N|N|N|N,Y|Y|Y|Y|N|Y|N|N,CITATION,Y|Y|N|N|N|N|N|N|Y,Y|Y|N|Y,Y|Y|Y|Y|Y|Y|Y|N|,Y|Y|Y|N|N|N|N|N|
VILLAGE OF NYACK,NYACK,,Y,4148476678,N,N,EST,5,M-F_7-4_CT.wav,ASB,N,N,1|2|5|6|7|8|9|10|11|12,,Y|Y|N|N|N|N|N|N|N,Y|Y|Y|Y|Y|Y|N|N,CITATION,Y|Y|N|N|N|N|N|N|Y,Y|Y|N|Y,Y|Y|Y|Y|Y|Y|Y|N|,Y|Y|Y|N|N|N|N|N|
OAKLAND HOUSING AUTHORITY,OHSGA,,Y,4148476533,N,N,PST,7,M-F_10-7_CT.wav,MSB,N,N,1|2|5|6|7|8|9|10|11|12,,Y|Y|N|N|N|N|N|N|N,Y|Y|Y|Y|Y|Y|N|N,CITATION,Y|N|N|N|N|N|N|N|Y,Y|Y|N|Y,Y|Y|Y|Y|Y|Y|Y|N|,Y|Y|Y|N|N|N|N|N|
OCEANSIDE,OSIDE,,Y,4148476622,N,N,PST,7,M-F_10-7_CT.wav,8555350244,External_CS_Closed M-F_10-7.wav,N,1|2|5|6|7|8|9|10|11|12,,Y|Y|N|N|N|N|N|N|N,Y|Y|Y|Y|Y|Y|N|N,CITATION,Y|Y|N|N|N|N|N|N|Y,Y|Y|N|Y,Y|Y|Y|Y|Y|Y|Y|N|,Y|Y|Y|N|N|N|N|N|
PATTERSON,PATTE,,Y,4148476530,N,N,PST,7,M-F_10-7_CT.wav,MSB,N,N,1|2|5|6|7|8|9|10|11|12,,Y|Y|N|N|N|N|N|N|N,Y|Y|Y|Y|Y|Y|N|N,CITATION,Y|N|N|N|N|N|N|N|Y,Y|Y|N|Y,Y|Y|Y|Y|Y|Y|Y|N|,Y|Y|Y|N|N|N|N|N|
SANTA PAULA,PAULA,,N,4148476599,N,N,PST,,,,,Maint_EN,,,,,,,,,
PITT_PARKING_CT,PITTS,,Y,4148476595,N,N,EST,5,M-F_7-4_CT.wav,Pittsburgh,N,N,1|2|5|6|7|8|9|10|11|12,,Y|Y|N|N|N|N|N|N|N,Y|Y|Y|Y|Y|Y|N|N,TICKET,Y|Y|N|N|N|N|N|N|Y,Y|Y|N|Y,Y|Y|Y|Y|Y|Y|Y|N|,Y|Y|Y|N|N|N|N|N|
PARK_RIDGE,PRIDG,,Y,4148476594,N,N,CST,2,M-F_8-5_CT.wav,TIER 1,N,N,1|2|5|6|7|8|9|10|11|12,,Y|Y|N|N|N|N|N|N|N,Y|Y|Y|N|N|Y|N|N,CITATION,Y|Y|N|N|N|N|N|N|Y,Y|Y|N|Y,Y|Y|Y|Y|Y|Y|Y|N|,Y|Y|Y|N|N|N|N|N|
PROFESSIONAL ACCOUNT MANAGEMENT,PROVI,,Y,4148476667,N,N,EST,5,M-F_7-4_CT.wav,714148311881,N,N,1|2|5|6|7|8|9|10|11|12,,Y|N|N|N|N|N|N|N|N,Y|Y|Y|Y|Y|Y|N|N,CITATION,Y|N|Y|N|N|N|N|N|Y,Y|Y|N|Y,Y|Y|Y|Y|Y|Y|Y|N|,Y|Y|Y|N|N|N|N|N|
TEST PROFESSIONAL ACCOUNT MANAGEMENT,PROVI,,Y,4148476680,N,N,EST,,,,,N,,,Y|Y|N|N|N|N|N|N|N,Y|Y|Y|Y|Y|Y|N|N,CITATION,Y|N|Y|N|N|N|N|N|Y,Y|Y|N|Y,Y|Y|Y|Y|Y|Y|Y|N|,Y|Y|Y|N|N|N|N|N|
PRINCE_WILLIAM_COUNTY,PRWIL,,Y,4148476566,N,N,EST,2,M-F_8-5_CT.wav,ASB,N,N,1|2|5|6|7|8|9|10|11|12,,Y|Y|N|N|N|N|N|N|N,Y|Y|Y|Y|Y|Y|N|N,CITATION,Y|Y|N|N|N|N|N|N|Y,Y|Y|N|Y,Y|Y|Y|Y|Y|Y|Y|N|,Y|Y|Y|Y|N|N|N|N|
PRINCE_WILLIAM_COUNTY,PRWIL,,Y,4148476506,N,N,EST,5,M-F_7-4_CT.wav,MVB,N,N,1|2|5|6|7|8|9|10|11|12,,Y|Y|N|N|N|N|N|N|N,Y|Y|Y|Y|Y|Y|N|N,CITATION,Y|Y|N|N|N|N|N|N|Y,Y|Y|N|Y,Y|Y|Y|Y|Y|Y|Y|N|,Y|Y|Y|Y|N|N|N|N|
RACINE,RACIN,,N,4148476597,N,N,CST,,,,,Maint_EN,,,,,,,,,
RHODE ISLAND TURNPIKE AND BRIDGE AUTHORITY,RITBA,,Y,4148476668,N,N,EST,5,M-F_7-4_CT.wav,RITBA,N,N,1|2|5|6|7|8|9|10|11|12,,Y|N|N|N|N|N|N|N|N,Y|Y|Y|Y|Y|Y|N|N,CITATION,Y|N|Y|N|N|N|N|N|Y,Y|Y|N|Y,Y|Y|Y|Y|Y|Y|Y|N|,Y|Y|Y|N|N|N|N|N|
RIVERBANK,RIVER,,Y,4148476527,N,N,PST,7,M-F_10-7_CT.wav,MSB,N,N,1|2|5|6|7|8|9|10|11|12,,Y|Y|N|N|N|N|N|N|N,Y|Y|Y|Y|Y|Y|N|N,CITATION,Y|N|N|N|N|N|N|N|Y,Y|Y|N|Y,Y|Y|Y|Y|Y|Y|Y|N|,Y|Y|Y|N|N|N|N|N|
ROCK_ISLAND,ROCKI,,Y,4148476665,N,N,CST,2,M-F_8-5_CT.wav,73097322200,External_CS_Closed M-F_8-5.wav,N,1|2|5|6|7|8|9|10|11|12,,Y|Y|N|N|N|N|N|N|N,Y|Y|Y|N|N|Y|N|N,CITATION,Y|Y|N|N|N|N|N|N|Y,Y|Y|N|Y,Y|Y|Y|Y|Y|Y|Y|N|,Y|Y|Y|N|N|N|N|N|
SAN_JOAQUIN_DELTA_COLLEGE,SANJD,,Y,4148476664,N,N,PST,7,M-F_10-7_CT.wav,MSB,N,N,1|2|5|6|7|8|9|10|11|12,,Y|Y|N|N|N|N|N|N|N,Y|Y|Y|Y|Y|Y|N|N,CITATION,Y|Y|N|N|N|N|N|N|Y,Y|Y|N|Y,Y|Y|Y|Y|Y|Y|Y|N|,Y|Y|Y|N|N|N|N|N|
SAUSALITO,SAUSA,,N,4148476539,N,N,PST,,,,,Not_Active_SAUSA_EN,,,Y|Y|N|N|N|N|N|N|N,Y|Y|Y|N|N|Y|N|N,CITATION,Y|N|N|N|N|N|N|N|Y,Y|Y|N|Y,Y|Y|Y|Y|Y|Y|Y|N|,Y|Y|Y|N|N|N|N|N|
SAUSALITO,SAUSA,,N,4148476538,N,N,PST,,,,,Not_Active_SAUSA_EN,,,Y|Y|N|N|N|N|N|N|N,Y|Y|Y|N|N|Y|N|N,CITATION,Y|N|N|N|N|N|N|N|Y,Y|Y|N|Y,Y|Y|Y|Y|Y|Y|Y|N|,Y|Y|Y|N|N|N|N|N|
SCHAUMBURG,SCHAM,,Y,4148476625,N,N,CST,2,M-F_8-5_CT.wav,718478823586,External_CS_Closed M-F_8-5.wav,N,1|2|5|6|7|8|9|10|11|12,,Y|Y|N|N|N|N|N|N|N,Y|Y|Y|Y|N|Y|N|N,CITATION,Y|Y|N|N|N|N|N|N|Y,Y|Y|N|Y,Y|Y|Y|Y|Y|Y|Y|N|,Y|Y|Y|N|N|N|N|N|
VILLAGE OF SHOREWOOD,SHORE,,Y,4148476681,N,N,CST,2,M-F_8-5_CT.wav,74148472610,External_CS_Closed M-F_8-5.wav,N,1|2|5|6|7|8|9|10|11|12,,Y|Y|N|N|N|N|N|N|N,Y|Y|Y|N|Y|Y|N|N,CITATION,,Y|Y|N|Y,Y|Y|Y|Y|Y|Y|Y|N|,Y|Y|Y|Y|N|N|N|N|
SOUTH GATE,SGATE,,N,4148476556,N,N,PST,,,,,N,,,,,,,,,
SOUTH GATE,SGATE,,N,4148476555,N,N,PST,,,,,Not_Active_SGATE_EN,,,,,,,,,
SIERRA MADRE,SIERR,,N,4148476531,N,N,PST,,,,,Maint_EN,,,,,,,,,
SACRAMENTO,SMCTY,,Y,4148476562,N,N,PST,7,M-F_10-7_CT.wav,714148312605,N,N,1|2|5|6|7|8|9|10|11|12,,Y|Y|N|N|N|N|N|N|N,Y|Y|Y|Y|Y|Y|N|N,CITATION,Y|N|N|N|N|N|N|N|Y,Y|Y|Y|Y,Y|Y|Y|Y|Y|Y|Y|N|,Y|Y|Y|Y|N|N|N|N|
SACRAMENTO,SMCTY,,Y,4148476561,N,N,PST,7,M-F_10-7_CT.wav,718883023536,External_CS_Closed M-F_10-7.wav,N,1|2|5|6|7|8|9|10|11|12,,Y|Y|N|N|N|N|N|N|N,Y|Y|Y|Y|Y|Y|N|N,CITATION,Y|N|N|N|N|N|N|N|Y,Y|Y|Y|Y,Y|Y|Y|Y|Y|Y|Y|N|,Y|Y|Y|Y|N|N|N|N|
SAN_DIEGO,SNDGO,,Y,4148476564,N,N,PST,12,N,718666633390,N,N,1|2|5|6|7|8|9|10|11|12,,Y|Y|N|N|N|N|N|N|N,Y|Y|Y|Y|Y|Y|N|N,CITATION,Y|Y|N|N|N|N|N|N|Y,Y|Y|N|Y,Y|Y|Y|Y|Y|Y|Y|N|,Y|Y|Y|N|N|N|N|N|
Three Seven Nine Eight,SNDGO,,Y,4148476505,N,N,PST,12,N,,,N,,,Y|Y|N|N|N|N|N|N|N,Y|Y|Y|N|N|Y|N|N,CITATION,Y|Y|N|N|N|N|N|N|Y,Y|Y|N|Y,Y|Y|Y|Y|Y|Y|Y|N|,Y|Y|Y|N|N|N|N|N|
Three Eight Seven Five,SNDGO,,N,4148471867,N,N,PST,12,N,,,N,,,,,,,,,
LAW ENFORCEMENT SYSTEMS,SNJBR,,Y,4148476639,N,N,EST,1,M-F_8-8_CT.wav,714148312605,N,N,1|2|5|6|7|8|9|10|11|12,,Y|N|N|N|N|N|N|N|N,Y|Y|Y|N|N|Y|N|N,TICKET,Y|N|Y|N|N|N|N|N|Y,Y|Y|N|Y,Y|Y|Y|Y|Y|Y|Y|N|,Y|Y|Y|N|N|N|N|N|
SOLANO_COLLEGE,SOLAN,,N,4148476535,N,N,PST,7,M-F_10-7_CT.wav,,,Not_Active_SOLAN_EN,,,,,,,,,
SOLEDAD,SOLED,,Y,4148476520,N,N,PST,7,M-F_10-7_CT.wav,MSB,N,N,1|2|5|6|7|8|9|10|11|12,,Y|Y|N|N|N|N|N|N|N,Y|Y|Y|Y|Y|Y|N|N,CITATION,Y|N|N|N|N|N|N|N|Y,Y|Y|N|Y,Y|Y|Y|Y|Y|Y|Y|N|,Y|Y|Y|N|N|N|N|N|
SOMERVILLE,SOMER,,Y,4148476602,N,N,EST,5,M-F_7-4_CT.wav,76176663311,N,N,1|2|5|6|7|8|9|10|11|12,,Y|Y|N|N|N|N|N|N|N,Y|Y|Y|Y|Y|Y|N|N,CITATION,Y|Y|N|N|N|N|N|N|Y,Y|Y|N|Y,Y|Y|Y|Y|Y|Y|Y|N|,Y|Y|Y|N|N|N|N|N|
SOUTH PASADENA,SOPAS,,N,4148476514,N,N,PST,,,,,Not_Active_SOPAS_EN,,,,,,,,,
SAINT_PETE_BEACH,SPETB,,Y,4148476609,N,N,EST,5,M-F_7-4_CT.wav,MSB,N,N,1|2|5|6|7|8|9|10|11|12,,Y|Y|N|N|N|N|N|N|N,Y|Y|Y|Y|Y|Y|N|N,CITATION,Y|Y|N|N|N|N|N|N|Y,Y|Y|N|Y,Y|Y|Y|Y|Y|Y|Y|N|,Y|Y|Y|N|N|N|N|N|
SPRINGFIELD,SPRIN,,Y,4148476603,N,N,EST,5,M-F_7-4_CT.wav,ASB,N,N,1|2|5|6|7|8|9|10|11|12,,Y|Y|N|N|N|N|N|N|N,Y|Y|Y|Y|Y|Y|N|N,CITATION,Y|Y|N|N|N|N|N|N|Y,Y|Y|N|Y,Y|Y|Y|Y|Y|Y|Y|N|,Y|Y|Y|N|N|N|N|N|
STANISLAUS COUNTY,STANI,,Y,4148476536,N,N,PST,7,M-F_10-7_CT.wav,MSB,N,N,1|2|5|6|7|8|9|10|11|12,,Y|Y|N|N|N|N|N|N|N,Y|Y|Y|Y|Y|Y|N|N,CITATION,Y|N|N|N|N|N|N|N|Y,Y|Y|N|Y,Y|Y|Y|Y|Y|Y|Y|N|,Y|Y|Y|N|N|N|N|N|
STOCKTON (not on new list),STOCK,,N,4148476549,N,N,PST,7,M-F_10-7_CT.wav,,,Maint_EN,,,,,,,,,
STOCKTON (not on new list),STOCK,,N,4148476548,N,N,PST,7,M-F_10-7_CT.wav,,,Maint_EN,,,,,,,,,
SUPERIOR,SUPER,,Y,4148476604,N,N,CST,2,M-F_8-5_CT.wav,MSB,N,N,1|2|5|6|7|8|9|10|11|12,,Y|Y|N|N|N|N|N|N|N,Y|Y|Y|N|Y|Y|N|N,CITATION,Y|Y|N|N|N|N|N|N|Y,Y|Y|N|Y,Y|Y|Y|Y|Y|Y|Y|N|,Y|Y|Y|Y|N|N|N|N|
TORRANCE,TORRA,,Y,4148476542,N,N,PST,8,M-F_1030-7_CT.wav,714148312605,N,N,1|2|5|6|7|8|9|10|11|12,,Y|Y|N|N|N|N|N|N|N,Y|Y|Y|Y|Y|Y|N|N,CITATION,Y|N|N|N|N|N|N|N|Y,Y|Y|N|Y,Y|Y|Y|Y|Y|Y|Y|N|,Y|Y|Y|Y|N|N|N|N|
TORRANCE,TORRA,,Y,4148476541,N,N,PST,7,M-F_10-7_CT.wav,3106185804,External_CS_Closed M-F_10-7.wav,N,1|2|5|6|7|8|9|10|11|12,,Y|Y|N|N|N|N|N|N|N,Y|Y|Y|Y|Y|Y|N|N,CITATION,Y|N|N|N|N|N|N|N|Y,Y|Y|N|Y,Y|Y|Y|Y|Y|Y|Y|N|,Y|Y|Y|Y|N|N|N|N|
LAW ENFORCEMENT SYSTEMS,TRANS,,Y,4148476670,N,N,EST,5,M-F_7-4_CT.wav,714148312605,N,N,1|2|5|6|7|8|9|10|11|12,,Y|N|N|N|N|N|N|N|N,Y|Y|Y|N|N|Y|N|N,VIOLATION,Y|Y|N|N|N|N|N|N|Y,Y|Y|N|Y,Y|Y|Y|Y|Y|Y|Y|N|,Y|Y|Y|N|N|N|N|N|
TURLOCK,TURLO,,Y,4148476534,N,N,PST,7,M-F_10-7_CT.wav,MSB,N,N,1|2|5|6|7|8|9|10|11|12,,Y|Y|N|N|N|N|N|N|N,Y|Y|Y|Y|Y|Y|N|N,CITATION,Y|N|N|N|N|N|N|N|Y,Y|Y|N|Y,Y|Y|Y|Y|Y|Y|Y|N|,Y|Y|Y|N|N|N|N|N|
WATERFORD,WATER,,Y,4148476515,N,N,PST,7,M-F_10-7_CT.wav,MSB,N,N,1|2|5|6|7|8|9|10|11|12,,Y|Y|N|N|N|N|N|N|N,Y|Y|Y|Y|Y|Y|N|N,CITATION,Y|N|N|N|N|N|N|N|Y,Y|Y|N|Y,Y|Y|Y|Y|Y|Y|Y|N|,Y|Y|Y|Y|N|N|N|N|
WAUKESHA,WAUKE,,Y,4148476605,N,N,CST,2,M-F_8-5_CT.wav,MSB,N,N,1|2|5|6|7|8|9|10|11|12,,Y|Y|N|N|N|N|N|N|N,Y|Y|Y|N|N|Y|N|N,VIOLATION,Y|Y|N|N|N|N|N|N|Y,Y|Y|N|Y,Y|Y|Y|Y|Y|Y|Y|N|,Y|Y|Y|Y|N|N|N|N|
WINNETKA,WINNE,,Y,4148476600,Y,N,CST,2,M-F_8-5_CT.wav,MSB,N,w,1|2|5|6|7|8|9|10|11|12,,Y|Y|N|N|N|N|N|N|N,Y|Y|Y|N|N|Y|N|N,CITATION,Y|Y|N|N|N|N|N|N|Y,Y|Y|N|Y,Y|Y|Y|Y|Y|Y|Y|N|,Y|Y|Y|N|N|N|N|N|
WINNETKA,WINNE,,Y,4148476607,N,N,CST,2,M-F_8-5_CT.wav,MSB,N,N,1|2|5|6|7|8|9|10|11|12,,Y|Y|N|N|N|N|N|N|N,Y|Y|Y|N|N|Y|N|N,CITATION,Y|Y|N|N|N|N|N|N|Y,Y|Y|N|Y,Y|Y|Y|Y|Y|Y|Y|N|,Y|Y|Y|N|N|N|N|N|
VILLAGE OF WEST MILWAUKEE,WMILW,,N,4148476606,N,N,CST,2,M-F_8-5_CT.wav,,,Not_Active_WMILW_EN,,,,,,,,,
VILLAGE OF WEST MILWAUKEE ,WMILW,,N,4148476600,Y,N,CST,2,M-F_8-5_CT.wav,,,Not_Active_WMILW_EN,,,,,,,,,
PROFESSIONAL ACCOUNT MANAGEMENT,YONKE,,Y,4148476655,N,N,EST,2,M-F_7-4_CT.wav,74148311881,N,N,1|2|5|6|7|8|9|10|11|12,,,Y|Y|Y|N|N|Y|N|N,CITATION,Y|Y|N|N|N|N|N|N|Y,Y|Y|N|Y,Y|Y|Y|Y|Y|Y|Y|N|,Y|Y|Y|N|N|N|N|N|
GREENBURGH,GRNBU,,Y,4148476660,N,N,EST,5,M-F_7-4_CT.wav,75629295732,External_CS_Closed M-F_7-4.wav,N,1|2|5|6|7|8|9|10|11|12,,Y|Y|N|N|N|N|N|N|N,Y|Y|Y|N|N|Y|N|N,CITATION,Y|Y|N|N|N|N|N|N|Y,Y|Y|N|Y,Y|Y|Y|Y|Y|Y|Y|N|,Y|Y|Y|N|N|N|N|N|
ROCHESTER,ROCHE,,Y,4148476692,N,N,CST,2,M-F_8-5_CT.wav,75073286983,External_CS_Closed M-F_8-5.wav,N,1|2|5|6|7|8|9|10|11|12,,Y|Y|N|N|N|N|N|N|N,Y|Y|Y|N|N|Y|N|N,CITATION,Y|Y|N|N|N|N|N|N|Y,Y|Y|N|Y,Y|Y|Y|Y|Y|Y|Y|N|,Y|Y|Y|N|N|N|N|N|
ILLINOIS TOLLWAY,ILACC,,N,4148476658,N,N,CST,2,M-F_8-5_CT.wav,714148311881,N,N,1|2|5|6|7|8|9|10|11|12,,Y|Y|N|N|N|N|N|N|N,Y|Y|Y|N|N|Y|N|N,VIOLATION,Y|Y|N|N|N|N|N|N|Y,Y|Y|N|Y,Y|Y|Y|Y|Y|Y|Y|N|,Y|Y|Y|N|N|N|N|N|
ILLINOIS TOLLWAY,ILRTV,,N,4148476657,N,N,CST,2,M-F_8-5_CT.wav,714148311881,N,N,1|2|5|6|7|8|9|10|11|12,,Y|Y|N|N|N|N|N|N|N,Y|Y|Y|N|N|Y|N|N,VIOLATION,Y|Y|N|N|N|N|N|N|Y,Y|Y|N|Y,Y|Y|Y|Y|Y|Y|Y|N|,Y|Y|Y|N|N|N|N|N|
ILLINOIS TOLLWAY,ILRPM,,N,4148476656,N,N,CST,2,M-F_8-5_CT.wav,714148311881,N,N,1|2|5|6|7|8|9|10|11|12,,Y|Y|N|N|N|N|N|N|N,Y|Y|Y|N|N|Y|N|N,VIOLATION,Y|Y|N|N|N|N|N|N|Y,Y|Y|N|Y,Y|Y|Y|Y|Y|Y|Y|N|,Y|Y|Y|N|N|N|N|N|
COLLECTIONS,,,,,,,,,Normal business hours are Monday through Thursday 7 a.m. to 7 p.m. Central Time; Friday 8 a.m. to 5 p.m. Central Time; and Saturday 8:30 a.m. to 12:30 p.m. Central Time.,,,,,,,,,,,,
"CITY OF AMES, IOWA",308,PAM,Y,4148476509,,,,6,Collection_Hours.wav,,,,1|2|5|6|7|8|9|10|11|12,I,,,,,,,
KENOSHA POLICE DEPARTMENT,324,PAM,Y,4148476509,,,,6,,,,,1|2|5|6|7|8|9|10|11|12,C,,,,,,,
CITY OF ALEXANDRIA,325,PAM,Y,4148476509,,,,6,,,,,1|2|5|6|7|8|9|10|11|12,C,,,,,,,
CITY OF EAU CLAIRE,332,PAM,Y,4148476509,,,,6,,,,,1|2|5|6|7|8|9|10|11|12,C,,,,,,,
CITY OF MILWAUKEE,333,PAM,Y,4148476509,,,,6,,,,,1|2|5|6|7|8|9|10|11|12,C,,,,,,,
CITY OF FOND DU LAC,338,PAM,Y,4148476509,,,,6,,,,,1|2|5|6|7|8|9|10|11|12,C,,,,,,,
CITY OF DES MOINES,339,PAM,Y,4148476509,,,,6,Collection_Hours.wav,,,,1|2|5|6|7|8|9|10|11|12,I,,,,,,,
CITY OF CRYSTAL LAKE IL,340,PAM,Y,4148476509,,,,6,,,,,1|2|5|6|7|8|9|10|11|12,C,,,,,,,
VILLAGE OF WINNETKA,341,PAM,Y,4148476509,,,,6,,,,,1|2|5|6|7|8|9|10|11|12,C,,,,,,,
CITY OF ANNAPOLIS MD,342,PAM,Y,4148476509,,,,6,,,,,1|2|5|6|7|8|9|10|11|12,C,,,,,,,
PITTSBURGH PARKING COURT,347,PAM,Y,4148476509,,,,6,,,,,1|2|5|6|7|8|9|10|11|12,C,,,,,,,
ST PETE BEACH,349,PAM,Y,4148476509,,,,6,,,,,1|2|5|6|7|8|9|10|11|12,C,,,,,,,
SUPERIOR POLICE DEPARTMENT,351,PAM,Y,4148476509,,,,6,,,,,1|2|5|6|7|8|9|10|11|12,C,,,,,,,
VILLAGE OF GRAYSLAKE,353,PAM,Y,4148476509,,,,6,,,,,1|2|5|6|7|8|9|10|11|12,C,,,,,,,
CITY OF PARK RIDGE,355,PAM,Y,4148476509,,,,6,Collection_Hours.wav,,,,1|2|5|6|7|8|9|10|11|12,I,,,,,,,
CITY OF MONTEREY,357,PAM,Y,4148476509,,,,6,,,,,1|2|5|6|7|8|9|10|11|12,C,,,,,,,
CITY OF WAUKESHA POLICE DEPT,359,PAM,Y,4148476509,,,,6,,,,,1|2|5|6|7|8|9|10|11|12,C,,,,,,,
CITY OF EVANSTON,361,PAM,Y,4148476509,,,,6,,,,,1|2|5|6|7|8|9|10|11|12,C,,,,,,,
CITY OF ATLANTA,366,PAM,Y,4148476509,,,,6,,,,,1|2|5|6|7|8|9|10|11|12,C,,,,,,,
CITY OF FARGO,367,PAM,Y,4148476509,,,,6,,,,,1|2|5|6|7|8|9|10|11|12,C,,,,,,,
"CITY OF DETROIT, PARKING VIOLATIONS",368,PAM,Y,4148476509,,,,6,,,,,1|2|5|6|7|8|9|10|11|12,C,,,,,,,
CITY OF RALEIGH - PARK LINK,369,PAM,Y,4148476509,,,,6,,,,,1|2|5|6|7|8|9|10|11|12,C,,,,,,,
NORWALK PARKING AUTHORITY,372,PAM,Y,4148476509,,,,6,,,,,1|2|5|6|7|8|9|10|11|12,C,,,,,,,
"TOWN OF BROOKLINE, MA",373,PAM,Y,4148476509,,,,6,Collection_Hours.wav,,,,1|2|5|6|7|8|9|10|11|12,I,,,,,,,
"CITY OF SOMERVILLE, MA",374,PAM,Y,4148476509,,,,6,Collection_Hours.wav,,,,1|2|5|6|7|8|9|10|11|12,PMNTS_PAM,,,,,,,
CITY OF LITTLE ROCK,375,PAM,Y,4148476509,,,,6,,,,,1|2|5|6|7|8|9|10|11|12,C,,,,,,,
"PRINCE WILLIAM COUNTY, VA",376,PAM,Y,4148476509,,,,6,,,,,1|2|5|6|7|8|9|10|11|12,C,,,,,,,
EASTERN MICHIGAN UNIVERSITY,378,PAM,Y,4148476509,,,,6,,,,,1|2|5|6|7|8|9|10|11|12,C,,,,,,,
"PFS III (PROVIDENCE, RI)",379,PAM,Y,4148476509,,,,6,,,,,1|2|5|6|7|8|9|10|11|12,C,,,,,,,
CITY OF LOS ANGELES,381,PAM,Y,4148476509,,,,6,,,,,1|2|5|6|7|8|9|10|11|12,C,,,,,,,
"PUBLIC WORKS, BUREAU OF STREET SERVICES",383,PAM,Y,4148476509,,,,6,Collection_Hours.wav,,,,1|2|5|6|7|8|9|10|11|12,I,,,,,,,
"PARKINDY, LLC",384,PAM,Y,4148476509,,,,6,Collection_Hours.wav,PMNTS_PAM,,,1|2|5|6|7|8|9|10|11|12,PMNTS_PAM,,,,,,,
"CITY OF HYATTSVILLE, MD",385,PAM,Y,4148476509,,,,6,Collection_Hours.wav,PMNTS_PAM,,,1|2|5|6|7|8|9|10|11|12,PMNTS_PAM,,,,,,,
CITY OF DURANGO,407,PAM,Y,4148476509,,,,6,Collection_Hours.wav,,,,1|2|5|6|7|8|9|10|11|12,I,,,,,,,
VILLAGE OF NYACK,408,PAM,Y,4148476509,,,,6,Collection_Hours.wav,PMNTS_PAM,,,1|2|5|6|7|8|9|10|11|12,PMNTS_PAM,,,,,,,
CITY OF NEWBURGH,410,PAM,Y,4148476509,,,,6,,,,,1|2|5|6|7|8|9|10|11|12,C,,,,,,,
CITY OF DENVER,411,PAM,Y,4148476509,,,,6,Collection_Hours.wav,PMNTS_PAM,,,1|2|5|6|7|8|9|10|11|12,PMNTS_PAM,,,,,,,
CITY OF BRIDGETON,430,PAM,Y,4148476509,,,,6,Collection_Hours.wav,PMNTS_PAM,,,1|2|5|6|7|8|9|10|11|12,PMNTS_PAM,,,,,,,
CITY OF EAST ORANGE,431,PAM,Y,4148476509,,,,6,Collection_Hours.wav,PMNTS_PAM,,,1|2|5|6|7|8|9|10|11|12,PMNTS_PAM,,,,,,,
CITY OF PERTH AMBOY,432,PAM,Y,4148476509,,,,6,Collection_Hours.wav,PMNTS_PAM,,,1|2|5|6|7|8|9|10|11|12,PMNTS_PAM,,,,,,,
UNION TOWNSHIP,433,PAM,Y,4148476509,,,,6,Collection_Hours.wav,PMNTS_PAM,,,1|2|5|6|7|8|9|10|11|12,PMNTS_PAM,,,,,,,
GLOUCESTER TOWNSHIP,434,PAM,Y,4148476509,,,,6,Collection_Hours.wav,PMNTS_PAM,,,1|2|5|6|7|8|9|10|11|12,PMNTS_PAM,,,,,,,
WAYNE TOWNSHIP,435,PAM,Y,4148476509,,,,6,Collection_Hours.wav,PMNTS_PAM,,,1|2|5|6|7|8|9|10|11|12,PMNTS_PAM,,,,,,,
BLOOMFIELD TOWNSHIP,436,PAM,Y,4148476509,,,,6,Collection_Hours.wav,PMNTS_PAM,,,1|2|5|6|7|8|9|10|11|12,PMNTS_PAM,,,,,,,
JERSEY CITY,437,PAM,Y,4148476509,,,,6,Collection_Hours.wav,PMNTS_PAM,,,1|2|5|6|7|8|9|10|11|12,PMNTS_PAM,,,,,,,
WINSLOW TOWNSHIP,438,PAM,Y,4148476509,,,,6,Collection_Hours.wav,PMNTS_PAM,,,1|2|5|6|7|8|9|10|11|12,PMNTS_PAM,,,,,,,
WOODBRIDGE TOWNSHIP,439,PAM,Y,4148476509,,,,6,Collection_Hours.wav,PMNTS_PAM,,,1|2|5|6|7|8|9|10|11|12,PMNTS_PAM,,,,,,,
CITY OF ELIZABETH,440,PAM,Y,4148476509,,,,6,Collection_Hours.wav,PMNTS_PAM,,,1|2|5|6|7|8|9|10|11|12,PMNTS_PAM,,,,,,,
CITY OF PATERSON,441,PAM,Y,4148476509,,,,6,Collection_Hours.wav,PMNTS_PAM,,,1|2|5|6|7|8|9|10|11|12,PMNTS_PAM,,,,,,,
CITY OF CAMDEN,442,PAM,Y,4148476509,,,,6,Collection_Hours.wav,PMNTS_PAM,,,1|2|5|6|7|8|9|10|11|12,PMNTS_PAM,,,,,,,
ROXBURY TOWNSHIP,443,PAM,Y,4148476509,,,,6,Collection_Hours.wav,PMNTS_PAM,,,1|2|5|6|7|8|9|10|11|12,PMNTS_PAM,,,,,,,
CITY OF PINE HILL,444,PAM,Y,4148476509,,,,6,Collection_Hours.wav,PMNTS_PAM,,,1|2|5|6|7|8|9|10|11|12,PMNTS_PAM,,,,,,,
MAPLEWOOD,445,PAM,Y,4148476509,,,,6,Collection_Hours.wav,PMNTS_PAM,,,1|2|5|6|7|8|9|10|11|12,PMNTS_PAM,,,,,,,
CITY OF PARAMUS,446,PAM,Y,4148476509,,,,6,Collection_Hours.wav,PMNTS_PAM,,,1|2|5|6|7|8|9|10|11|12,PMNTS_PAM,,,,,,,
CITY OF MERCHANTVILLE,447,PAM,Y,4148476509,,,,6,Collection_Hours.wav,PMNTS_PAM,,,1|2|5|6|7|8|9|10|11|12,PMNTS_PAM,,,,,,,
PENNS GROVE,448,PAM,Y,4148476509,,,,6,Collection_Hours.wav,PMNTS_PAM,,,1|2|5|6|7|8|9|10|11|12,PMNTS_PAM,,,,,,,
MILLVILLE,449,PAM,Y,4148476509,,,,6,Collection_Hours.wav,PMNTS_PAM,,,1|2|5|6|7|8|9|10|11|12,PMNTS_PAM,,,,,,,
GLOUCESTER CITY,450,PAM,Y,4148476509,,,,6,Collection_Hours.wav,PMNTS_PAM,,,1|2|5|6|7|8|9|10|11|12,PMNTS_PAM,,,,,,,
BAYONNE CITY,451,PAM,Y,4148476509,,,,6,Collection_Hours.wav,PMNTS_PAM,,,1|2|5|6|7|8|9|10|11|12,PMNTS_PAM,,,,,,,
UNION CITY,452,PAM,Y,4148476509,,,,6,Collection_Hours.wav,PMNTS_PAM,,,1|2|5|6|7|8|9|10|11|12,PMNTS_PAM,,,,,,,
SOUTH ORANGE,453,PAM,Y,4148476509,,,,6,Collection_Hours.wav,PMNTS_PAM,,,1|2|5|6|7|8|9|10|11|12,PMNTS_PAM,,,,,,,
CITY OF BOZEMAN,498,PAM,Y,4148476509,,,,6,,,,,1|2|5|6|7|8|9|10|11|12,C,,,,,,,
CITY OF HUNTINGTON PARK,499,PAM,Y,4148476509,,,,6,,,,,1|2|5|6|7|8|9|10|11|12,C,,,,,,,
CITY OF UPLAND,604,PAM,Y,4148476509,,,,6,Collection_Hours.wav,,,,1|2|5|6|7|8|9|10|11|12,I,,,,,,,
COUNTY OF SANTA BARBARA,605,PAM,Y,4148476509,,,,6,Collection_Hours.wav,,,,1|2|5|6|7|8|9|10|11|12,I,,,,,,,
MONROVIA POLICE DEPARTMENT,607,PAM,Y,4148476509,,,,6,Collection_Hours.wav,,,,1|2|5|6|7|8|9|10|11|12,I,,,,,,,
CITY OF ARTESIA,609,PAM,Y,4148476509,,,,6,Collection_Hours.wav,,,,1|2|5|6|7|8|9|10|11|12,I,,,,,,,
SANIBEL POLICE DEPARTMENT,610,PAM,Y,4148476509,,,,6,Collection_Hours.wav,,,,1|2|5|6|7|8|9|10|11|12,I,,,,,,,
CITY OF EL SEGUNDO,615,PAM,Y,4148476509,,,,6,Collection_Hours.wav,,,,1|2|5|6|7|8|9|10|11|12,I,,,,,,,
CITY OF MONTEREY PARK,618,PAM,Y,4148476509,,,,6,Collection_Hours.wav,,,,1|2|5|6|7|8|9|10|11|12,I,,,,,,,
VILLAGE OF SCHAUMBURG,619,PAM,Y,4148476509,,,,6,,,,,1|2|5|6|7|8|9|10|11|12,C,,,,,,,
CITY OF BENICIA,624,PAM,Y,4148476509,,,,6,Collection_Hours.wav,,,,1|2|5|6|7|8|9|10|11|12,I,,,,,,,
CITY OF GONZALES,625,PAM,Y,4148476509,,,,6,Collection_Hours.wav,,,,1|2|5|6|7|8|9|10|11|12,I,,,,,,,
CITY OF MONTCLAIR,629,PAM,Y,4148476509,,,,6,Collection_Hours.wav,,,,1|2|5|6|7|8|9|10|11|12,I,,,,,,,
TOWN OF PALM BEACH FLORIDA,630,PAM,Y,4148476509,,,,6,Collection_Hours.wav,,,,1|2|5|6|7|8|9|10|11|12,I,,,,,,,
NOVA SOUTHEASTERN UNIVERSITY,631,PAM,Y,4148476509,,,,6,Collection_Hours.wav,,,,1|2|5|6|7|8|9|10|11|12,I,,,,,,,
CITY OF MALIBU,632,PAM,Y,4148476509,,,,6,Collection_Hours.wav,,,,1|2|5|6|7|8|9|10|11|12,I,,,,,,,
CITY OF PACIFIC GROVE,633,PAM,Y,4148476509,,,,6,Collection_Hours.wav,,,,1|2|5|6|7|8|9|10|11|12,I,,,,,,,
CITY OF FAIRFAX VA,635,PAM,Y,4148476509,,,,6,Collection_Hours.wav,,,,1|2|5|6|7|8|9|10|11|12,I,,,,,,,
AC TRANSIT POLICE SERVICES,636,PAM,Y,4148476509,,,,6,Collection_Hours.wav,,,,1|2|5|6|7|8|9|10|11|12,I,,,,,,,
CITY OF ROSEVILLE,637,PAM,Y,4148476509,,,,6,Collection_Hours.wav,,,,1|2|5|6|7|8|9|10|11|12,I,,,,,,,
CARMEL BY THE SEA,640,PAM,Y,4148476509,,,,6,Collection_Hours.wav,,,,1|2|5|6|7|8|9|10|11|12,I,,,,,,,
ALAMEDA COUNTY SHERIFFS OFFICE,644,PAM,Y,4148476509,,,,6,Collection_Hours.wav,,,,1|2|5|6|7|8|9|10|11|12,I,,,,,,,
CITY OF MONTEBELLO,648,PAM,Y,4148476509,,,,6,Collection_Hours.wav,,,,1|2|5|6|7|8|9|10|11|12,I,,,,,,,
TOWN OF LOS GATOS,654,PAM,Y,4148476509,,,,6,Collection_Hours.wav,,,,1|2|5|6|7|8|9|10|11|12,I,,,,,,,
CITY OF EL MONTE,656,PAM,Y,4148476509,,,,6,Collection_Hours.wav,,,,1|2|5|6|7|8|9|10|11|12,I,,,,,,,
CITY OF VALLEJO,658,PAM,Y,4148476509,,,,6,Collection_Hours.wav,,,,1|2|5|6|7|8|9|10|11|12,I,,,,,,,
"CITY OF AMES, IOWA-LTR SRV",308L,PAM,Y,4148476509,,,,6,Collection_Hours.wav,,,,1|2|5|6|7|8|9|10|11|12,I,,,,,,,
CITY OF AMES IOWA,308R,PAM,Y,4148476509,,,,6,Collection_Hours.wav,,,,1|2|5|6|7|8|9|10|11|12,I,,,,,,,
CITY OF DES MOINES,339A,PAM,Y,4148476509,,,,6,Collection_Hours.wav,,,,1|2|5|6|7|8|9|10|11|12,I,,,,,,,
CITY OF DES MOINES,339BK,PAM,Y,4148476509,,,,6,Collection_Hours.wav,,,,1|2|5|6|7|8|9|10|11|12,I,,,,,,,
CITY OF DES MOINES,339C,PAM,Y,4148476509,,,,6,Collection_Hours.wav,,,,1|2|5|6|7|8|9|10|11|12,I,,,,,,,
CITY OF DES MOINES,339DPW,PAM,Y,4148476509,,,,6,Collection_Hours.wav,,,,1|2|5|6|7|8|9|10|11|12,I,,,,,,,
CITY OF DES MOINES,339FA,PAM,Y,4148476509,,,,6,Collection_Hours.wav,,,,1|2|5|6|7|8|9|10|11|12,I,,,,,,,
CITY OF DES MOINES,339FFA,PAM,Y,4148476509,,,,6,Collection_Hours.wav,,,,1|2|5|6|7|8|9|10|11|12,I,,,,,,,
CITY OF DES MOINES,339H,PAM,Y,4148476509,,,,6,Collection_Hours.wav,,,,1|2|5|6|7|8|9|10|11|12,I,,,,,,,
CITY OF DES MOINES,339M,PAM,Y,4148476509,,,,6,Collection_Hours.wav,,,,1|2|5|6|7|8|9|10|11|12,I,,,,,,,
VILLAGE OF WINNETKA,341M,PAM,Y,4148476509,,,,6,Collection_Hours.wav,,,,1|2|5|6|7|8|9|10|11|12,I,,,,,,,
CITY OF PARK RIDGE,355AP,PAM,Y,4148476509,,,,6,Collection_Hours.wav,,,,1|2|5|6|7|8|9|10|11|12,I,,,,,,,
CITY OF PARK RIDGE MUNICIPAL,355M,PAM,Y,4148476509,,,,6,,PMNTS_PAM during normal hours - After Hours 8664701309,,,1|2|5|6|7|8|9|10|11|12,PMNTS_PAM during normal hours - After Hours 8664701309,,,,,,,
DISTRICT OF COLUMBIA GOVT,358C,PAM,Y,4148476509,,,,6,,PMNTS_PAM during normal hours - -After Hours 866-893-5023,,,1|2|5|6|7|8|9|10|11|12,PMNTS_PAM during normal hours - -After Hours 866-893-5023,,,,,,,
DISTRICT OF COLUMBIA GOVT,358M,PAM,Y,4148476509,,,,6,,PMNTS_PAM during normal hours - After Hours 866-893-5023,,,1|2|5|6|7|8|9|10|11|12,PMNTS_PAM during normal hours - After Hours 866-893-5023,,,,,,,
DISTRICT OF COLUMBIA GOVT,358P,PAM,Y,4148476509,,,,6,,PMNTS_PAM during normal hours -- After Hours 866-893-5023,,,1|2|5|6|7|8|9|10|11|12,PMNTS_PAM during normal hours -- After Hours 866-893-5023,,,,,,,
CITY OF HOUSTON PARKING MANAGEMENT,365P,PAM,Y,4148476509,,,,6,Collection_Hours.wav,PMNTS_PAM,,,1|2|5|6|7|8|9|10|11|12,PMNTS_PAM,,,,,,,
CITY OF ATLANTA,366N,PAM,Y,4148476509,,,,6,,,,,1|2|5|6|7|8|9|10|11|12,C,,,,,,,
"CITY OF DETROIT, PARKING VIOLATIONS",368N,PAM,Y,4148476509,,,,6,,,,,1|2|5|6|7|8|9|10|11|12,C,,,,,,,
CITY OF RALEIGH - PARK LINK,369N,PAM,Y,4148476509,,,,6,,,,,1|2|5|6|7|8|9|10|11|12,C,,,,,,,
"TOWN OF BROOKLINE, MA-LTR SERVICE",373L,PAM,Y,4148476509,,,,6,Collection_Hours.wav,,,,1|2|5|6|7|8|9|10|11|12,I,,,,,,,
INTERSTATE PARKING COMPANY (DULUTH),397D,PAM,Y,4148476509,,,,6,,,,,1|2|5|6|7|8|9|10|11|12,C,,,,,,,
INTERSTATE PARKING COMPANY (MILWAUKEE),397M,PAM,Y,4148476509,,,,6,,,,,1|2|5|6|7|8|9|10|11|12,C,,,,,,,
INTERSTATE PARKING COMPANY(MIN/ST PAUL),397S,PAM,Y,4148476509,,,,6,,,,,1|2|5|6|7|8|9|10|11|12,C,,,,,,,
VILLAGE OF SCHAUMBURG,619M,PAM,Y,4148476509,,,,6,,,,,1|2|5|6|7|8|9|10|11|12,C,,,,,,,
ATS PHOTO SAFETY CITY OF NEW ORLEANS,660C,PAM,Y,4148476509,,,,6,Collection_Hours.wav,PMNTS_PAM,,,1|2|5|6|7|8|9|10|11|12,PMNTS_PAM,,,,,,,
CEDARBURG LIGHT AND WATER COMMISSION,101,PAM,N,4148476509,,,,6,,,,,1|2|5|6|7|8|9|10|11|12,,,,,,,,
TCF BANK - WISCONSIN,104,PAM,N,4148476509,,,,6,,,,,1|2|5|6|7|8|9|10|11|12,,,,,,,,
SAUK COUNTY CLERK,105,PAM,N,4148476509,,,,6,,,,,1|2|5|6|7|8|9|10|11|12,,,,,,,,
SAUK COUNTY JUVENILE SHELTER CARE,106,PAM,N,4148476509,,,,6,,,,,1|2|5|6|7|8|9|10|11|12,,,,,,,,
SAUK COUNTY PARKS DEPARTMENT,107,PAM,N,4148476509,,,,6,,,,,1|2|5|6|7|8|9|10|11|12,,,,,,,,
SAUK COUNTY DEPT OF HUMAN SERVICES,109,PAM,N,4148476509,,,,6,,,,,1|2|5|6|7|8|9|10|11|12,,,,,,,,
SAUK COUNTY CLERK/CHILD SERVICES,110,PAM,N,4148476509,,,,6,,,,,1|2|5|6|7|8|9|10|11|12,,,,,,,,
EAST TOWNE OPTICAL,111,PAM,N,4148476509,,,,6,,,,,1|2|5|6|7|8|9|10|11|12,,,,,,,,
GMR MARKETING,112,PAM,N,4148476509,,,,6,,,,,1|2|5|6|7|8|9|10|11|12,,,,,,,,
TCF BANK - ILLINOIS,113,PAM,N,4148476509,,,,6,,,,,1|2|5|6|7|8|9|10|11|12,,,,,,,,
TCF BANK,114,PAM,N,4148476509,,,,6,,,,,1|2|5|6|7|8|9|10|11|12,,,,,,,,
TCF BANK,115,PAM,N,4148476509,,,,6,,,,,1|2|5|6|7|8|9|10|11|12,,,,,,,,
NORTH SHORE BANK,117,PAM,N,4148476509,,,,6,,,,,1|2|5|6|7|8|9|10|11|12,I,,,,,,,
ASSOCIATED BANK-CHECKING,118,PAM,N,4148476509,,,,6,,,,,1|2|5|6|7|8|9|10|11|12,,,,,,,,
NIETS PROPERTY MANAGEMENT,119,PAM,N,4148476509,,,,6,,,,,1|2|5|6|7|8|9|10|11|12,,,,,,,,
OZAUKEE DISPOSAL,120,PAM,N,4148476509,,,,6,,,,,1|2|5|6|7|8|9|10|11|12,,,,,,,,
TCF BANK,121,PAM,N,4148476509,,,,6,,,,,1|2|5|6|7|8|9|10|11|12,,,,,,,,
TCF BANK,122,PAM,N,4148476509,,,,6,,,,,1|2|5|6|7|8|9|10|11|12,,,,,,,,
TCF BANK,123,PAM,N,4148476509,,,,6,,,,,1|2|5|6|7|8|9|10|11|12,,,,,,,,
TCF BANK,124,PAM,N,4148476509,,,,6,,,,,1|2|5|6|7|8|9|10|11|12,,,,,,,,
MILWAUKEE JOURNAL SENTINEL,125,PAM,N,4148476509,,,,6,,,,,1|2|5|6|7|8|9|10|11|12,,,,,,,,
ONE HOUR MARTINIZING,126,PAM,N,4148476509,,,,6,,,,,1|2|5|6|7|8|9|10|11|12,,,,,,,,
ONE HOUR MARTINIZING,127,PAM,N,4148476509,,,,6,,,,,1|2|5|6|7|8|9|10|11|12,,,,,,,,
CARRIAGE CLEANERS,128,PAM,N,4148476509,,,,6,,,,,1|2|5|6|7|8|9|10|11|12,,,,,,,,
GLOBAL TEL-LINK,132,PAM,N,4148476509,,,,6,,,,,1|2|5|6|7|8|9|10|11|12,,,,,,,,
TCF BANK - MINNESOTA,134,PAM,N,4148476509,,,,6,,,,,1|2|5|6|7|8|9|10|11|12,,,,,,,,
GUARANTY BANK-CHECKING,135,PAM,N,4148476509,,,,6,,,,,1|2|5|6|7|8|9|10|11|12,,,,,,,,
GUARANTY BANK-SAVINGS,136,PAM,N,4148476509,,,,6,,,,,1|2|5|6|7|8|9|10|11|12,,,,,,,,
ST. FRANCIS BANK,137,PAM,N,4148476509,,,,6,,,,,1|2|5|6|7|8|9|10|11|12,,,,,,,,
NEUROLOGICAL SURGERY OF SOUTHEASTERN WI,144,PAM,N,4148476509,,,,6,,,,,1|2|5|6|7|8|9|10|11|12,,,,,,,,
ACT MEDICAL RECORDS INC,154,PAM,N,4148476509,,,,6,,,,,1|2|5|6|7|8|9|10|11|12,,,,,,,,
MARTIN J. STEIN J.D.,156,PAM,N,4148476509,,,,6,,,,,1|2|5|6|7|8|9|10|11|12,,,,,,,,
DENNIS J. HARRIS LAW OFFICES,157,PAM,N,4148476509,,,,6,,,,,1|2|5|6|7|8|9|10|11|12,,,,,,,,
MEDREHAB- PORT WASHINGTON,179,PAM,N,4148476509,,,,6,,,,,1|2|5|6|7|8|9|10|11|12,,,,,,,,
WI. COMM. MENTAL HEALTH COUNSELING CNTRS,200,PAM,N,4148476509,,,,6,,,,,1|2|5|6|7|8|9|10|11|12,,,,,,,,
ARO COUNSELING CENTERS,201,PAM,N,4148476509,,,,6,,,,,1|2|5|6|7|8|9|10|11|12,,,,,,,,
ASSOCIATES CAPITAL SERVICES CORPORATION,202,PAM,N,4148476509,,,,6,,,,,1|2|5|6|7|8|9|10|11|12,,,,,,,,
STERMAN PRINTING,203,PAM,N,4148476509,,,,6,,,,,1|2|5|6|7|8|9|10|11|12,,,,,,,,
"EXTENDICARE HEALTH CARE SERVICES, INC.",205,PAM,N,4148476509,,,,6,,,,,1|2|5|6|7|8|9|10|11|12,,,,,,,,
WPS ENERGY SERVICES,206,PAM,N,4148476509,,,,6,,,,,1|2|5|6|7|8|9|10|11|12,,,,,,,,
WI. COMM. MENTAL HEALTH COUNSELING CNTRS,207,PAM,N,4148476509,,,,6,,,,,1|2|5|6|7|8|9|10|11|12,,,,,,,,
McCLINTOCK ARCHITECTS,208,PAM,N,4148476509,,,,6,,,,,1|2|5|6|7|8|9|10|11|12,,,,,,,,
CPR-MILWAUKEE COUNTY,209,PAM,N,4148476509,,,,6,,,,,1|2|5|6|7|8|9|10|11|12,,,,,,,,
WAUKESHA HEART INSTITUTE FIRSTS,211,PAM,N,4148476509,,,,6,,,,,1|2|5|6|7|8|9|10|11|12,,,,,,,,
WAUKESHA HEART INSTITUTE SECONDS,212,PAM,N,4148476509,,,,6,,,,,1|2|5|6|7|8|9|10|11|12,,,,,,,,
TCF BANK,213,PAM,N,4148476509,,,,6,,,,,1|2|5|6|7|8|9|10|11|12,,,,,,,,
TCF BANK,215,PAM,N,4148476509,,,,6,,,,,1|2|5|6|7|8|9|10|11|12,,,,,,,,
ASSOCIATED BANK-LOANS,218,PAM,N,4148476509,,,,6,,,,,1|2|5|6|7|8|9|10|11|12,,,,,,,,
TCF BANK,221,PAM,N,4148476509,,,,6,,,,,1|2|5|6|7|8|9|10|11|12,,,,,,,,
WPS RESOURCES CORPORATION 1STS,241,PAM,N,4148476509,,,,6,,,,,1|2|5|6|7|8|9|10|11|12,,,,,,,,
WPS RESOURCES CORPORATION 2NDS,242,PAM,N,4148476509,,,,6,,,,,1|2|5|6|7|8|9|10|11|12,,,,,,,,
AFTERTHOUGHTS/CARIMAR,272,PAM,N,4148476509,,,,6,,,,,1|2|5|6|7|8|9|10|11|12,,,,,,,,
CITY OF MILWAUKEE MUNICIPAL COURT,300,PAM,N,4148476509,,,,6,,,,,1|2|5|6|7|8|9|10|11|12,,,,,,,,
CARENETWORK INC.  COMMERCIAL,301,PAM,N,4148476509,,,,6,,,,,1|2|5|6|7|8|9|10|11|12,,,,,,,,
ASSOCIATES CAPITAL SPECIAL PLACEMENTS,302,PAM,N,4148476509,,,,6,,,,,1|2|5|6|7|8|9|10|11|12,,,,,,,,
OZAUKEE COUNTY CIRCUIT COURT,303,PAM,N,4148476509,,,,6,,,,,1|2|5|6|7|8|9|10|11|12,,,,,,,,
CEDARBURG OUTDOOR POWER EQUIPMENT INC.,304,PAM,N,4148476509,,,,6,,,,,1|2|5|6|7|8|9|10|11|12,,,,,,,,
NEW BERLIN MUNICIPAL COURT,305,PAM,N,4148476509,,,,6,,,,,1|2|5|6|7|8|9|10|11|12,,,,,,,,
BROOKFIELD MUNICIPAL COURT,306,PAM,N,4148476509,,,,6,,,,,1|2|5|6|7|8|9|10|11|12,,,,,,,,
TWIN LAKES MUNICIPAL COURT,307,PAM,N,4148476509,,,,6,,,,,1|2|5|6|7|8|9|10|11|12,,,,,,,,
ONEIDA COUNTY CIRCUIT COURT,309,PAM,N,4148476509,,,,6,,,,,1|2|5|6|7|8|9|10|11|12,,,,,,,,
RACINE COUNTY CIRCUIT COURT,310,PAM,N,4148476509,,,,6,,,,,1|2|5|6|7|8|9|10|11|12,,,,,,,,
FAMILY COURT COUNSELING SERVICES,311,PAM,N,4148476509,,,,6,,,,,1|2|5|6|7|8|9|10|11|12,,,,,,,,
SOMERSET MUNICIPAL COURT,312,PAM,N,4148476509,,,,6,,,,,1|2|5|6|7|8|9|10|11|12,,,,,,,,
FONTANA POLICE DEPT,313,PAM,N,4148476509,,,,6,,,,,1|2|5|6|7|8|9|10|11|12,,,,,,,,
GALENA POLICE DEPARTMENT,314,PAM,N,4148476509,,,,6,,,,,1|2|5|6|7|8|9|10|11|12,,,,,,,,
CITY OF ST. CROIX FALLS,315,PAM,N,4148476509,,,,6,,,,,1|2|5|6|7|8|9|10|11|12,,,,,,,,
OSCEOLA MUNICIPAL COURT,316,PAM,N,4148476509,,,,6,,,,,1|2|5|6|7|8|9|10|11|12,,,,,,,,
CITY OF WAUWATOSA,317,PAM,N,4148476509,,,,6,,,,,1|2|5|6|7|8|9|10|11|12,,,,,,,,
CITY OF RACINE,318,PAM,N,4148476509,,,,6,,,,,1|2|5|6|7|8|9|10|11|12,,,,,,,,
CITY OF CUDAHY,319,PAM,N,4148476509,,,,6,,,,,1|2|5|6|7|8|9|10|11|12,,,,,,,,
VILLAGE OF OAK PARK,320,PAM,N,4148476509,,,,6,,,,,1|2|5|6|7|8|9|10|11|12,,,,,,,,
FAIRFAX COUNTY,322,PAM,N,4148476509,,,,6,,,,,1|2|5|6|7|8|9|10|11|12,,,,,,,,
CITY OF WEST ALLIS,323,PAM,N,4148476509,,,,6,,,,,1|2|5|6|7|8|9|10|11|12,,,,,,,,
CITY OF GLENDALE MUNICIPAL COURT,326,PAM,N,4148476509,,,,6,,,,,1|2|5|6|7|8|9|10|11|12,,,,,,,,
CITY OF GLENDALE,327,PAM,N,4148476509,,,,6,,,,,1|2|5|6|7|8|9|10|11|12,,,,,,,,
WAUWATOSA POLICE DEPT,328,PAM,N,4148476509,,,,6,,,,,1|2|5|6|7|8|9|10|11|12,,,,,,,,
CITY OF LAFAYETTE,329,PAM,N,4148476509,,,,6,,,,,1|2|5|6|7|8|9|10|11|12,,,,,,,,
CITY OF ALTON,330,PAM,N,4148476509,,,,6,,,,,1|2|5|6|7|8|9|10|11|12,C,,,,,,,
CITY OF NORFOLK,331,PAM,N,4148476509,,,,6,,,,,1|2|5|6|7|8|9|10|11|12,,,,,,,,
CITY OF MOORHEAD,334,PAM,N,4148476509,,,,6,,,,,1|2|5|6|7|8|9|10|11|12,,,,,,,,
CITY OF CEDAR RAPIDS,335,PAM,N,4148476509,,,,6,,,,,1|2|5|6|7|8|9|10|11|12,,,,,,,,
CITY OF CEDAR RAPIDS,336,PAM,N,4148476509,,,,6,,,,,1|2|5|6|7|8|9|10|11|12,,,,,,,,
VILLAGE OF WEST MILWAUKEE,337,PAM,N,4148476509,,,,6,,,,,1|2|5|6|7|8|9|10|11|12,,,,,,,,
CITY OF MANITOWOC WI,343,PAM,N,4148476509,,,,6,,,,,1|2|5|6|7|8|9|10|11|12,,,,,,,,
BERLIN POLICE DEPT,344,PAM,N,4148476509,,,,6,,,,,1|2|5|6|7|8|9|10|11|12,,,,,,,,
CITY OF PORT JERVIS NY,345,PAM,N,4148476509,,,,6,,,,,1|2|5|6|7|8|9|10|11|12,,,,,,,,
CITY OF MYRTLE BEACH SC,346,PAM,N,4148476509,,,,6,,,,,1|2|5|6|7|8|9|10|11|12,,,,,,,,
CITY OF CLEARWATER PARKING SYSTEM,348,PAM,N,4148476509,,,,6,,,,,1|2|5|6|7|8|9|10|11|12,,,,,,,,
CITY OF DE PERE,350,PAM,N,4148476509,,,,6,,,,,1|2|5|6|7|8|9|10|11|12,,,,,,,,
"CITY OF DAVENPORT,IA",352,PAM,N,4148476509,,,,6,,,,,1|2|5|6|7|8|9|10|11|12,,,,,,,,
"MOUNT RAINIER MD, POLICE DEPT",354,PAM,N,4148476509,,,,6,,,,,1|2|5|6|7|8|9|10|11|12,,,,,,,,
CITY OF PARK RIDGE MUNICIPAL,356,PAM,N,4148476509,,,,6,,,,,1|2|5|6|7|8|9|10|11|12,,,,,,,,
PDQ FOOD STORES,360,PAM,N,4148476509,,,,6,,,,,1|2|5|6|7|8|9|10|11|12,,,,,,,,
TRANS WORLD ENTERTAINMENT,362,PAM,N,4148476509,,,,6,,,,,1|2|5|6|7|8|9|10|11|12,,,,,,,,
MILWAUKEE COUNTY,363,PAM,N,4148476509,,,,6,,,,,1|2|5|6|7|8|9|10|11|12,,,,,,,,
CITY OF SPRINGFIELD MA,364,PAM,N,4148476509,,,,6,,,,,1|2|5|6|7|8|9|10|11|12,,,,,,,,
CITY OF HOUSTON PARKING MANAGEMENT,365,PAM,N,4148476509,,,,6,,,,,1|2|5|6|7|8|9|10|11|12,,,,,,,,
MILWAUKEE COUNTY TREASURER,370,PAM,N,4148476509,,,,6,,,,,1|2|5|6|7|8|9|10|11|12,,,,,,,,
SOUTH BAY EXPRESSWAY,371,PAM,N,4148476509,,,,6,,,,,1|2|5|6|7|8|9|10|11|12,,,,,,,,
"CITY OF NEW HAVEN, CT",377,PAM,N,4148476509,,,,6,,,,,1|2|5|6|7|8|9|10|11|12,,,,,,,,
CITY OF EAST ST LOUIS MUNI,380,PAM,N,4148476509,,,,6,,,,,1|2|5|6|7|8|9|10|11|12,,,,,,,,
MID MORAINE MUNICIPAL COURT,401,PAM,N,4148476509,,,,6,,,,,1|2|5|6|7|8|9|10|11|12,,,,,,,,
CITY OF MARLBOROUGH MO,402,PAM,N,4148476509,,,,6,,,,,1|2|5|6|7|8|9|10|11|12,,,,,,,,
GREEN BAY MUNICIPAL COURT,403,PAM,N,4148476509,,,,6,,,,,1|2|5|6|7|8|9|10|11|12,,,,,,,,
VILLAGE OF UNION GROVE,404,PAM,N,4148476509,,,,6,,,,,1|2|5|6|7|8|9|10|11|12,,,,,,,,
VILLAGE OF HALES CORNERS,405,PAM,N,4148476509,,,,6,,,,,1|2|5|6|7|8|9|10|11|12,,,,,,,,
TOWN OF DEWEY BEACH,406,PAM,N,4148476509,,,,6,,,,,1|2|5|6|7|8|9|10|11|12,,,,,,,,
CPR-CITY OF FRANKLIN,409,PAM,N,4148476509,,,,6,,,,,1|2|5|6|7|8|9|10|11|12,,,,,,,,
FOOTLOCKER FSC PLACEMENTS,412,PAM,N,4148476509,,,,6,,,,,1|2|5|6|7|8|9|10|11|12,,,,,,,,
LADY FOOTLOCKER FSC PLACEMENTS,416,PAM,N,4148476509,,,,6,,,,,1|2|5|6|7|8|9|10|11|12,,,,,,,,
WILMINGTON SAFELIGHT PROGRAM,420,PAM,N,4148476509,,,,6,,,,,1|2|5|6|7|8|9|10|11|12,,,,,,,,
HIGH POINT SAFELIGHT PROGRAM,421,PAM,N,4148476509,,,,6,,,,,1|2|5|6|7|8|9|10|11|12,,,,,,,,
ROCKY MOUNT SAFELIGHT PROGRAM,422,PAM,N,4148476509,,,,6,,,,,1|2|5|6|7|8|9|10|11|12,,,,,,,,
GREENSBORO SAFELIGHT PROGRAM,423,PAM,N,4148476509,,,,6,,,,,1|2|5|6|7|8|9|10|11|12,,,,,,,,
CHARLOTTE SAFELIGHT PROGRAM,424,PAM,N,4148476509,,,,6,,,,,1|2|5|6|7|8|9|10|11|12,,,,,,,,
MEDREHAB-SUN PRARIE,479,PAM,N,4148476509,,,,6,,,,,1|2|5|6|7|8|9|10|11|12,,,,,,,,
CPR-CITY OF OAK CREEK,509,PAM,N,4148476509,,,,6,,,,,1|2|5|6|7|8|9|10|11|12,,,,,,,,
FOOT LOCKER,512,PAM,N,4148476509,,,,6,,,,,1|2|5|6|7|8|9|10|11|12,,,,,,,,
GREEN LAKE COUNTY DHHS,588,PAM,N,4148476509,,,,6,,,,,1|2|5|6|7|8|9|10|11|12,,,,,,,,
CITY OF PORT HUENEME,601,PAM,N,4148476509,,,,6,,,,,1|2|5|6|7|8|9|10|11|12,,,,,,,,
CITY OF PORT HUENEME,602,PAM,N,4148476509,,,,6,,,,,1|2|5|6|7|8|9|10|11|12,,,,,,,,
CITY OF COCOA BEACH,603,PAM,N,4148476509,,,,6,,,,,1|2|5|6|7|8|9|10|11|12,I,,,,,,,
CITY OF MORENO VALLEY,606,PAM,N,4148476509,,,,6,,,,,1|2|5|6|7|8|9|10|11|12,,,,,,,,
CITY OF CARSON,608,PAM,N,4148476509,,,,6,,,,,1|2|5|6|7|8|9|10|11|12,,,,,,,,
CITY OF CEDAR FALLS,611,PAM,N,4148476509,,,,6,,,,,1|2|5|6|7|8|9|10|11|12,,,,,,,,
CITY OF FERNDALE,612,PAM,N,4148476509,,,,6,,,,,1|2|5|6|7|8|9|10|11|12,,,,,,,,
FORT LEWIS COLLEGE,613,PAM,N,4148476509,,,,6,,,,,1|2|5|6|7|8|9|10|11|12,,,,,,,,
DALLAS FORT WORTH INT'L AIRPORT,614,PAM,N,4148476509,,,,6,,,,,1|2|5|6|7|8|9|10|11|12,,,,,,,,
CITY OF MONTEREY,616,PAM,N,4148476509,,,,6,,,,,1|2|5|6|7|8|9|10|11|12,,,,,,,,
EL CAJON POLICE DEPARTMENT,617,PAM,N,4148476509,,,,6,,,,,1|2|5|6|7|8|9|10|11|12,,,,,,,,
CITY OF FORT LAUDERDALE,620,PAM,N,4148476509,,,,6,,,,,1|2|5|6|7|8|9|10|11|12,,,,,,,,
BOROUGH OF WILKINSBURG,621,PAM,N,4148476509,,,,6,,,,,1|2|5|6|7|8|9|10|11|12,,,,,,,,
CITY OF ARCATA,622,PAM,N,4148476509,,,,6,,,,,1|2|5|6|7|8|9|10|11|12,,,,,,,,
APTOS HIGH SCHOOL,623,PAM,N,4148476509,,,,6,,,,,1|2|5|6|7|8|9|10|11|12,,,,,,,,
CITY OF MARTINEZ,626,PAM,N,4148476509,,,,6,,,,,1|2|5|6|7|8|9|10|11|12,,,,,,,,
OAKLAND UNIVERSITY,627,PAM,N,4148476509,,,,6,,,,,1|2|5|6|7|8|9|10|11|12,,,,,,,,
CITY OF BELLFLOWER,628,PAM,N,4148476509,,,,6,,,,,1|2|5|6|7|8|9|10|11|12,,,,,,,,
CITY OF GLENDALE CA,634,PAM,N,4148476509,,,,6,,,,,1|2|5|6|7|8|9|10|11|12,,,,,,,,
CITY OF ROSS,638,PAM,N,4148476509,,,,6,,,,,1|2|5|6|7|8|9|10|11|12,,,,,,,,
TOWN OF FAIRFAX CA,639,PAM,N,4148476509,,,,6,,,,,1|2|5|6|7|8|9|10|11|12,,,,,,,,
CITY OF MILL VALLEY,641,PAM,N,4148476509,,,,6,,,,,1|2|5|6|7|8|9|10|11|12,,,,,,,,
MARIN COUNTY SHERIFF DEPT.,642,PAM,N,4148476509,,,,6,,,,,1|2|5|6|7|8|9|10|11|12,,,,,,,,
CITY OF NOVATO,643,PAM,N,4148476509,,,,6,,,,,1|2|5|6|7|8|9|10|11|12,,,,,,,,
COUNTY OF SANTA CLARA-PARK & REC DEPT,645,PAM,N,4148476509,,,,6,,,,,1|2|5|6|7|8|9|10|11|12,,,,,,,,
COUNTY OF SANTA CLARA-STANFORD UNIV,646,PAM,N,4148476509,,,,6,,,,,1|2|5|6|7|8|9|10|11|12,,,,,,,,
CITY OF CONCORD CA,647,PAM,N,4148476509,,,,6,,,,,1|2|5|6|7|8|9|10|11|12,,,,,,,,
COUNTY OF SANTA CLARA-CHP,649,PAM,N,4148476509,,,,6,,,,,1|2|5|6|7|8|9|10|11|12,,,,,,,,
COUNTY OF SANTA CLARA-GEN SVCS MED CNTR,650,PAM,N,4148476509,,,,6,,,,,1|2|5|6|7|8|9|10|11|12,,,,,,,,
COUNTY OF SANTA CLARA-VALLEY MED CENTER,651,PAM,N,4148476509,,,,6,,,,,1|2|5|6|7|8|9|10|11|12,,,,,,,,
COUNTY OF SANTA CLARA-SHERIFF DEPT,652,PAM,N,4148476509,,,,6,,,,,1|2|5|6|7|8|9|10|11|12,,,,,,,,
SANTA CLARA UNIVERSITY PARKING,653,PAM,N,4148476509,,,,6,,,,,1|2|5|6|7|8|9|10|11|12,,,,,,,,
CITY OF YPSILANTI,655,PAM,N,4148476509,,,,6,,,,,1|2|5|6|7|8|9|10|11|12,,,,,,,,
CITY OF LAFAYETTE,657,PAM,N,4148476509,,,,6,,,,,1|2|5|6|7|8|9|10|11|12,,,,,,,,
LAUDERDALE-BY-THE-SEA,659,PAM,N,4148476509,,,,6,,,,,1|2|5|6|7|8|9|10|11|12,,,,,,,,
NORTHERN REFLECTIONS,672,PAM,N,4148476509,,,,6,,,,,1|2|5|6|7|8|9|10|11|12,,,,,,,,
MEDREHAB- GREEN BAY,679,PAM,N,4148476509,,,,6,,,,,1|2|5|6|7|8|9|10|11|12,,,,,,,,
KINNEY SHOE CORPORATION--NSF,700,PAM,N,4148476509,,,,6,,,,,1|2|5|6|7|8|9|10|11|12,,,,,,,,
KINNEY SHOE CORPORATION--NSF,701,PAM,N,4148476509,,,,6,,,,,1|2|5|6|7|8|9|10|11|12,,,,,,,,
KINNEY,711,PAM,N,4148476509,,,,6,,,,,1|2|5|6|7|8|9|10|11|12,,,,,,,,
FOOT LOCKER,712,PAM,N,4148476509,,,,6,,,,,1|2|5|6|7|8|9|10|11|12,,,,,,,,
LADY FOOT LOCKER,716,PAM,N,4148476509,,,,6,,,,,1|2|5|6|7|8|9|10|11|12,,,,,,,,
ATHLETIC X-PRESS,717,PAM,N,4148476509,,,,6,,,,,1|2|5|6|7|8|9|10|11|12,,,,,,,,
KIDS FOOT LOCKER,718,PAM,N,4148476509,,,,6,,,,,1|2|5|6|7|8|9|10|11|12,,,,,,,,
CHAMPS- NSF,719,PAM,N,4148476509,,,,6,,,,,1|2|5|6|7|8|9|10|11|12,,,,,,,,
SAN FRANCISCO MUSIC BOX,772,PAM,N,4148476509,,,,6,,,,,1|2|5|6|7|8|9|10|11|12,,,,,,,,
MEDREHAB - MILWAUKEE,779,PAM,N,4148476509,,,,6,,,,,1|2|5|6|7|8|9|10|11|12,,,,,,,,
FOOT LOCKER,812,PAM,N,4148476509,,,,6,,,,,1|2|5|6|7|8|9|10|11|12,,,,,,,,
KIDS FOOT LOCKER,818,PAM,N,4148476509,,,,6,,,,,1|2|5|6|7|8|9|10|11|12,,,,,,,,
CHAMPS,819,PAM,N,4148476509,,,,6,,,,,1|2|5|6|7|8|9|10|11|12,,,,,,,,
WOOLWORTH,835,PAM,N,4148476509,,,,6,,,,,1|2|5|6|7|8|9|10|11|12,,,,,,,,
MEDREHAB-LAKE GENEVA,879,PAM,N,4148476509,,,,6,,,,,1|2|5|6|7|8|9|10|11|12,,,,,,,,
TCF BANK,113P,PAM,N,4148476509,,,,6,,,,,1|2|5|6|7|8|9|10|11|12,,,,,,,,
NORTH SHORE BANK,117S,PAM,N,4148476509,,,,6,,,,,1|2|5|6|7|8|9|10|11|12,,,,,,,,
BEST BANK,135B,PAM,N,4148476509,,,,6,,,,,1|2|5|6|7|8|9|10|11|12,,,,,,,,
CITY OF BROOKFIELD,306M,PAM,N,4148476509,,,,6,,,,,1|2|5|6|7|8|9|10|11|12,,,,,,,,
FAIRFAX COUNTY-LEGAL,322L,PAM,N,4148476509,,,,6,,,,,1|2|5|6|7|8|9|10|11|12,,,,,,,,
VILLAGE OF WEST MILWAUKEE,337M,PAM,N,4148476509,,,,6,,,,,1|2|5|6|7|8|9|10|11|12,,,,,,,,
CITY OF MYRTLE BEACH SC,346L,PAM,N,4148476509,,,,6,,,,,1|2|5|6|7|8|9|10|11|12,,,,,,,,
"CITY OF DAVENPORT, IA",352L,PAM,N,4148476509,,,,6,,,,,1|2|5|6|7|8|9|10|11|12,,,,,,,,
"MOUNT RAINIER MD, POLICE DEPT",354L,PAM,N,4148476509,,,,6,,,,,1|2|5|6|7|8|9|10|11|12,I,,,,,,,
MILWAUKEE COUNTY CLERK OF COURTS,363COC,PAM,N,4148476509,,,,6,,,,,1|2|5|6|7|8|9|10|11|12,,,,,,,,
MILWAUKEE CO CHILD SUPPORT ENFORCEMENT,363CSE,PAM,N,4148476509,,,,6,,,,,1|2|5|6|7|8|9|10|11|12,,,,,,,,
MILWAUKEE CO PERSONS WITH DISABILITIES,363DIS,PAM,N,4148476509,,,,6,,,,,1|2|5|6|7|8|9|10|11|12,,,,,,,,
MILWAUKEE COUNTY DEPT OF AGING,363DOA,PAM,N,4148476509,,,,6,,,,,1|2|5|6|7|8|9|10|11|12,,,,,,,,
MILWAUKEE COUNTY DEPT OF PUBLIC WORKS,363DPW,PAM,N,4148476509,,,,6,,,,,1|2|5|6|7|8|9|10|11|12,,,,,,,,
MILWAUKEE COUNTY FLEET,363FLT,PAM,N,4148476509,,,,6,,,,,1|2|5|6|7|8|9|10|11|12,,,,,,,,
MILWAUKEE COUNTY GAMP,363GAM,PAM,N,4148476509,,,,6,,,,,1|2|5|6|7|8|9|10|11|12,,,,,,,,
MILWAUKEE COUNTY GMIA,363GMI,PAM,N,4148476509,,,,6,,,,,1|2|5|6|7|8|9|10|11|12,,,,,,,,
MILWAUKEE COUNTY HOUSE OF CORRECTIONS,363HOC,PAM,N,4148476509,,,,6,,,,,1|2|5|6|7|8|9|10|11|12,,,,,,,,
MILWAUKEE COUNTY HIGHWAY DEPT,363HWY,PAM,N,4148476509,,,,6,,,,,1|2|5|6|7|8|9|10|11|12,,,,,,,,
MILWAUKEE COUNTY MENTAL HEALTH COMPLEX,363MH,PAM,N,4148476509,,,,6,,,,,1|2|5|6|7|8|9|10|11|12,,,,,,,,
MILWAUKEE COUNTY PARAMEDIC SERVICES,363PAR,PAM,N,4148476509,,,,6,,,,,1|2|5|6|7|8|9|10|11|12,,,,,,,,
MILWAUKEE COUNTY PARKS,363PRK,PAM,N,4148476509,,,,6,,,,,1|2|5|6|7|8|9|10|11|12,,,,,,,,
MILWAUKEE COUNTY REGISTER OF DEEDS,363ROD,PAM,N,4148476509,,,,6,,,,,1|2|5|6|7|8|9|10|11|12,,,,,,,,
MILWAUKEE COUNTY DEPT OF RISK MANAGEMENT,363RSK,PAM,N,4148476509,,,,6,,,,,1|2|5|6|7|8|9|10|11|12,,,,,,,,
MILWAUKEE COUNTY SHERIFF,363SHE,PAM,N,4148476509,,,,6,,,,,1|2|5|6|7|8|9|10|11|12,,,,,,,,
MILWAUKEE COUNTY TRANSIT SYSTEM,363TRA,PAM,N,4148476509,,,,6,,,,,1|2|5|6|7|8|9|10|11|12,,,,,,,,
MILWAUKEE COUNTY TUITION LOANS,363TUI,PAM,N,4148476509,,,,6,,,,,1|2|5|6|7|8|9|10|11|12,,,,,,,,
MILWAUKEE COUNTY ZOO,363ZOO,PAM,N,4148476509,,,,6,,,,,1|2|5|6|7|8|9|10|11|12,,,,,,,,
CITY OF HOUSTON PARKING MGMT - L,365L,PAM,N,4148476509,,,,6,,,,,1|2|5|6|7|8|9|10|11|12,,,,,,,,
CITY OF HOUSTON PARKING MGMT - NF,365NF,PAM,N,4148476509,,,,6,,,,,1|2|5|6|7|8|9|10|11|12,,,,,,,,
CITY OF HOUSTON PARKING MGMT - NFL,365NFL,PAM,N,4148476509,,,,6,,,,,1|2|5|6|7|8|9|10|11|12,,,,,,,,
"CITY OF NEW HAVEN, CT",377N,PAM,N,4148476509,,,,6,,,,,1|2|5|6|7|8|9|10|11|12,,,,,,,,
CITY OF EAST ST LOUIS MUNI,379M,PAM,N,4148476509,,,,6,,,,,1|2|5|6|7|8|9|10|11|12,,,,,,,,
GREEN BAY MUNICIPAL COURT,403J,PAM,N,4148476509,,,,6,,,,,1|2|5|6|7|8|9|10|11|12,,,,,,,,
WILMINGTON SKIPTRACING,420S,PAM,N,4148476509,,,,6,,,,,1|2|5|6|7|8|9|10|11|12,,,,,,,,
HIGH POINT SKIPTRACING,421S,PAM,N,4148476509,,,,6,,,,,1|2|5|6|7|8|9|10|11|12,,,,,,,,
ROCKY MOUNT SKIPTRACING,422S,PAM,N,4148476509,,,,6,,,,,1|2|5|6|7|8|9|10|11|12,,,,,,,,
GREENSBORO SKIPTRACING,423S,PAM,N,4148476509,,,,6,,,,,1|2|5|6|7|8|9|10|11|12,,,,,,,,
CHARLOTTE SPEED ENFORCEMENT,424S,PAM,N,4148476509,,,,6,,,,,1|2|5|6|7|8|9|10|11|12,,,,,,,,
CITY OF ALHAMBRA,ALHAM,LES,Y,4148476632,,,,6,,,,,1|2|5|6|7|8|9|10|11|12,C,,,,,,,
BAY AREA TOLL AUTHORITY,BATA,LES,Y,4148476632,,,,6,Collection_Hours.wav,,,,1|2|5|6|7|8|9|10|11|12,I,,,,,,,
BAY AREA TOLL AUTHORITY,BATAGG,LES,Y,4148476632,,,,6,Collection_Hours.wav,,,,1|2|5|6|7|8|9|10|11|12,I,,,,,,,
BAY AREA TOLL AUTHORITY,BATAT,LES,Y,4148476632,,,,6,Collection_Hours.wav,,,,1|2|5|6|7|8|9|10|11|12,I,,,,,,,
COMPTON,COMPT,LES,Y,4148476632,,,,6,,,,,1|2|5|6|7|8|9|10|11|12,C,,,,,,,
CITY OF DEERFIELD BEACH,DEERF,LES,Y,4148476632,,,,6,Collection_Hours.wav,,,,1|2|5|6|7|8|9|10|11|12,I,,,,,,,
CITY OF DEERFIELD BEACH,DEERFL,LES,Y,4148476632,,,,6,Collection_Hours.wav,,,,1|2|5|6|7|8|9|10|11|12,I,,,,,,,
DELAWARE RIVER JOINT TOLL BRIDGE COMMISS,DRJ,LES,Y,4148476632,,,,6,Collection_Hours.wav,,,,1|2|5|6|7|8|9|10|11|12,I,,,,,,,
CITY OF DURHAM,DURHA,LES,Y,4148476632,,,,6,Collection_Hours.wav,,,,1|2|5|6|7|8|9|10|11|12,I,,,,,,,
CITY OF DURHAM,DURHAL,LES,Y,4148476632,,,,6,Collection_Hours.wav,,,,1|2|5|6|7|8|9|10|11|12,I,,,,,,,
"CITY OF GLENDALE, CA",GLNCA,LES,Y,4148476632,,,,6,Collection_Hours.wav,,,,1|2|5|6|7|8|9|10|11|12,I,,,,,,,
GEORGIA STATE ROAD AND TOLLWAY AUTHORITY,GSRTA,LES,Y,4148476632,,,,6,,,,,1|2|5|6|7|8|9|10|11|12,C,,,,,,,
CITY OF KEY WEST,KEYWE,LES,Y,4148476632,,,,6,Collection_Hours.wav,,,,1|2|5|6|7|8|9|10|11|12,I,,,,,,,
CITY OF KEY WEST,KEYWEL,LES,Y,4148476632,,,,6,Collection_Hours.wav,,,,1|2|5|6|7|8|9|10|11|12,I,,,,,,,
MIAMI-DADE COUNTY (FL),MDCTY,LES,Y,4148476632,,,,6,Collection_Hours.wav,,,,1|2|5|6|7|8|9|10|11|12,I,,,,,,,
MIAMI-DADE COUNTY (FL),MDCTYL,LES,Y,4148476632,,,,6,Collection_Hours.wav,,,,1|2|5|6|7|8|9|10|11|12,I,,,,,,,
MIAMI-DADE EXPRESSWAY AUTHORITY,MDX,LES,Y,4148476632,,,,6,Collection_Hours.wav,,,,1|2|5|6|7|8|9|10|11|12,I,,,,,,,
CITY OF NEWPORT BEACH,NPRTB,LES,Y,4148476632,,,,6,Collection_Hours.wav,,,,1|2|5|6|7|8|9|10|11|12,I,,,,,,,
CITY OF PALO ALTO,PALOA,LES,Y,4148476632,,,,6,Collection_Hours.wav,,,,1|2|5|6|7|8|9|10|11|12,I,,,,,,,
I-495 EXPRESS LANES,TRNSUR,LES,Y,4148476632,,,,6,,,,,1|2|5|6|7|8|9|10|11|12,C,,,,,,,
CITY OF AMSTERDAM,AMSTE,LES,N,4148476632,,,,6,,,,,1|2|5|6|7|8|9|10|11|12,,,,,,,,
CITY OF BELL,BELLA,LES,N,4148476632,,,,6,,,,,1|2|5|6|7|8|9|10|11|12,,,,,,,,
CITY OF BERKELEY,BERKE,LES,N,4148476632,,,,6,,,,,1|2|5|6|7|8|9|10|11|12,,,,,,,,
TOWN OF EAST HAMPTON,EHAMP,LES,N,4148476632,,,,6,,,,,1|2|5|6|7|8|9|10|11|12,,,,,,,,
TOWN OF EAST HAMPTON,EHAMPL,LES,N,4148476632,,,,6,,,,,1|2|5|6|7|8|9|10|11|12,,,,,,,,
CITY OF FORT LAUDERDALE,FTLAU,LES,N,4148476632,,,,6,,,,,1|2|5|6|7|8|9|10|11|12,,,,,,,,
CITY OF HAWTHORNE,HAWTH,LES,N,4148476632,,,,6,,,,,1|2|5|6|7|8|9|10|11|12,,,,,,,,
CITY OF JACKSONVILLE,JACKS,LES,N,4148476632,,,,6,,,,,1|2|5|6|7|8|9|10|11|12,,,,,,,,
CITY OF JACKSONVILLE,JACKSL,LES,N,4148476632,,,,6,,,,,1|2|5|6|7|8|9|10|11|12,I,,,,,,,
CITY OF JACKSONVILLE,JAXL,LES,N,4148476632,,,,6,,,,,1|2|5|6|7|8|9|10|11|12,I,,,,,,,
CITY OF JACKSONVILLE,JAXLTR,LES,N,4148476632,,,,6,,,,,1|2|5|6|7|8|9|10|11|12,,,,,,,,
91 EXPRESS LANES,OCTA,LES,N,4148476632,,,,6,,,,,1|2|5|6|7|8|9|10|11|12,,,,,,,,
91 EXPRESS LANES,OCTAT,LES,N,4148476632,,,,6,,,,,1|2|5|6|7|8|9|10|11|12,,,,,,,,
"OSSINING NY, VILLAGE COURT",OSSIN,LES,N,4148476632,,,,6,,,,,1|2|5|6|7|8|9|10|11|12,,,,,,,,
PARK AMERICA,PRKAM,LES,N,4148476632,,,,6,,,,,1|2|5|6|7|8|9|10|11|12,,,,,,,,
PARK AMERICA,PRKAML,LES,N,4148476632,,,,6,,,,,1|2|5|6|7|8|9|10|11|12,,,,,,,,
CITY OF SOUTH GATE,SGATE,LES,N,4148476556,,,,6,,,,,1|2|5|6|7|8|9|10|11|12,,,,,,,,
CITY OF SHREVEPORT,SHREV,LES,N,4148476632,,,,6,,,,,1|2|5|6|7|8|9|10|11|12,,,,,,,,
CITY OF WOODLAND,WOODL,LES,N,4148476632,,,,6,,,,,1|2|5|6|7|8|9|10|11|12,,,,,,,,
IMPERIAL PARKING,IMPRK,PCS,Y,4148476634,,,,6,Collection_Hours.wav,,,,1|2|5|6|7|8|9|10|11|12,I,,,,,,,
IMPERIAL PARKING,IMPRKL,PCS,Y,4148476634,,,,6,Collection_Hours.wav,,,,1|2|5|6|7|8|9|10|11|12,I,,,,,,,